Date,Action,Symbol,Company,Reason,,,,,,,,,,
23-Dec-24,Added,APO,Apollo Global Management,Market capitalization change.[4],,,,,,,,,,
23-Dec-24,Added,WDAY,"Workday, Inc.",Market capitalization change.[4],,,,,,,,,,
23-Dec-24,Added,LII,Lennox International,Novo Holdings A/S acquired Catalent.[5],,,,,,,,,,
26-Nov-24,Added,TPL,Texas Pacific Land Corporation,S&P 500 & 100 constituent ConocoPhillips acquired Marathon Oil.[6],,,,,,,,,,
30-Sep-24,Added,AMTM,Amentum,"S&P 500 constituent Jacobs Solutions spun off its Critical Mission Solutions and Cyber Intelligence business, which merged with private Amentum to create newly publicly traded Amentum Holdings.[7]",,,,,,,,,,
23-Sep-24,Added,PLTR,Palantir Technologies,Market capitalization change.[8],,,,,,,,,,
23-Sep-24,Added,DELL,Dell Technologies,Market capitalization change.[8],,,,,,,,,,
23-Sep-24,Added,ERIE,Erie Indemnity,Market capitalization change.[8],,,,,,,,,,
23-Dec-24,Removed,QRVO,Qorvo,Market capitalization change.[4],,,,,,,,,,
23-Dec-24,Removed,AMTM,Amentum,Market capitalization change.[4],,,,,,,,,,
23-Dec-24,Removed,CTLT,Catalent,Novo Holdings A/S acquired Catalent.[5],,,,,,,,,,
26-Nov-24,Removed,MRO,Marathon Oil,S&P 500 & 100 constituent ConocoPhillips acquired Marathon Oil.[6],,,,,,,,,,
1-Oct-24,Removed,BBWI,"Bath & Body Works, Inc.",Market capitalization change.[7],,,,,,,,,,
23-Sep-24,Removed,AAL,American Airlines Group,Market capitalization change.[8],,,,,,,,,,
23-Sep-24,Removed,ETSY,Etsy,Market capitalization change.[8],,,,,,,,,,
23-Sep-24,Removed,BIO,Bio-Rad Laboratories,Market capitalization change.[8],,,,,,,,,,
24-Jun-24,Added,KKR,KKR,Market capitalization change.[4],,,,,,,,,,
24-Jun-24,Added,CRWD,CrowdStrike,Market capitalization change.[4],,,,,,,,,,
24-Jun-24,Added,GDDY,GoDaddy,Market capitalization change.[4],,,,,,,,,,
24-Jun-24,Removed,RHI,Robert Half,Market capitalization change.[4],,,,,,,,,,
24-Jun-24,Removed,CMA,Comerica,Market capitalization change.[4],,,,,,,,,,
24-Jun-24,Removed,ILMN,"Illumina, Inc.",Market capitalization change.[4],,,,,,,,,,
8-May-24,Added,VST,Vistra,S&P 500 and S&P 100 constituent ExxonMobil acquired Pioneer Natural Resources.[5],,,,,,,,,,
8-May-24,Removed,PXD,Pioneer Natural Resources,S&P 500 and S&P 100 constituent ExxonMobil acquired Pioneer Natural Resources.[5],,,,,,,,,,
3-Apr-24,Removed,XRAY,Dentsply Sirona,Market capitalization change.[6],,,,,,,,,,
3-Apr-24,Removed,VFC,VF Corporation,Market capitalization change.[6],,,,,,,,,,
2-Apr-24,Added,GEV,GE Vernova,S&P 500 and 100 constituent General Electric Corp. spun off GE Vernova.[6],,,,,,,,,,
1-Apr-24,Added,SOLV,Solventum,S&P 500 and 100 constituent 3M Co. spun off Solventum.[6],,,,,,,,,,
18-Mar-24,Added,SMCI,Supermicro,Market capitalization change.[7],,,,,,,,,,
18-Mar-24,Added,DECK,Deckers Brands,Market capitalization change.[7],,,,,,,,,,
18-Mar-24,Removed,WHR,Whirlpool Corporation,Market capitalization change.[7],,,,,,,,,,
18-Mar-24,Removed,ZION,Zions Bancorporation,Market capitalization change.[7],,,,,,,,,,
18-Dec-23,Added,UBER,Uber,Market capitalization change.[8],,,,,,,,,,
18-Dec-23,Added,JBL,Jabil,Market capitalization change.[8],,,,,,,,,,
18-Dec-23,Added,BLDR,Builders FirstSource,Market capitalization change.[8],,,,,,,,,,
18-Dec-23,Removed,SEE,Sealed Air,Market capitalization change.[8],,,,,,,,,,
18-Dec-23,Removed,ALK,Alaska Air Group,Market capitalization change.[8],,,,,,,,,,
18-Dec-23,Removed,SEDG,SolarEdge,Market capitalization change.[8],,,,,,,,,,
18-Oct-23,Added,HUBB,Hubbell,Market capitalization change.[9],,,,,,,,,,
18-Oct-23,Added,LULU,Lululemon Athletica,S&P 500 and S&P 100 constituent Microsoft acquired Activision Blizzard.[9],,,,,,,,,,
18-Oct-23,Removed,OGN,Organon & Co.,Market capitalization change.[9],,,,,,,,,,
18-Oct-23,Removed,ATVI,Activision Blizzard,S&P 500 and S&P 100 constituent Microsoft acquired Activision Blizzard.[9],,,,,,,,,,
3-Oct-23,Removed,DXC,DXC Technology,Market capitalization change.[10],,,,,,,,,,
2-Oct-23,Added,VLTO,Veralto,S&P 500 and S&P 100 constituent Danaher Corporation spun off Veralto.[10],,,,,,,,,,
18-Sep-23,Added,BX,Blackstone,Market capitalization change.[11],,,,,,,,,,
18-Sep-23,Added,ABNB,Airbnb,Market capitalization change.[11],,,,,,,,,,
18-Sep-23,Removed,LNC,Lincoln National Corporation,Market capitalization change.[11],,,,,,,,,,
18-Sep-23,Removed,NWL,Newell Brands,Market capitalization change.[11],,,,,,,,,,
25-Aug-23,Added,KVUE,Kenvue,S&P 500 and S&P 100 constituent Johnson & Johnson offered to exchange the shares of Kenvue held for shares of Johnson & Johnson in a split-off exchange offer.[12],,,,,,,,,,
25-Aug-23,Removed,AAP,Advance Auto Parts,S&P 500 and S&P 100 constituent Johnson & Johnson offered to exchange the shares of Kenvue held for shares of Johnson & Johnson in a split-off exchange offer.[12],,,,,,,,,,
20-Jun-23,Added,PANW,Palo Alto Networks,Market capitalization change.[13],,,,,,,,,,
20-Jun-23,Removed,DISH,Dish Network,Market capitalization change.[13],,,,,,,,,,
4-May-23,Added,AXON,Axon Enterprise,The Federal Deposit Insurance Corporation (FDIC) placed First Republic Bank into FDIC Receivership.[14],,,,,,,,,,
4-May-23,Removed,FRC,First Republic Bank,The Federal Deposit Insurance Corporation (FDIC) placed First Republic Bank into FDIC Receivership.[14],,,,,,,,,,
20-Mar-23,Added,FICO,Fair Isaac,Market capitalization change.[15],,,,,,,,,,
20-Mar-23,Removed,LUMN,Lumen Technologies,Market capitalization change.[15],,,,,,,,,,
15-Mar-23,Added,BG,Bunge Global,The FDIC placed Signature Bank into FDIC Receivership.[16],,,,,,,,,,
15-Mar-23,Added,PODD,Insulet,"The FDIC placed SVB's main subsidiary, Silicon Valley Bank, into receivership.[17]",,,,,,,,,,
15-Mar-23,Removed,SBNY,Signature Bank,The FDIC placed Signature Bank into FDIC Receivership.[16],,,,,,,,,,
15-Mar-23,Removed,SIVB,SVB Financial Group,"The FDIC placed SVB's main subsidiary, Silicon Valley Bank, into receivership.[17]",,,,,,,,,,
5-Jan-23,Removed,VNO,Vornado Realty Trust,Market capitalization change.[18],,,,,,,,,,
4-Jan-23,Added,GEHC,GE HealthCare,S&P 500 constituent General Electric spun off GE HealthCare.[19],,,,,,,,,,
22-Dec-22,Added,STLD,Steel Dynamics,S&P 500 constituent Johnson & Johnson acquired Abiomed.[20],,,,,,,,,,
22-Dec-22,Removed,ABMD,Abiomed,S&P 500 constituent Johnson & Johnson acquired Abiomed.[20],,,,,,,,,,
19-Dec-22,Added,FSLR,First Solar,Market capitalization change.[21],,,,,,,,,,
19-Dec-22,Removed,FBHS,Fortune Brands Home & Security,Market capitalization change.[21],,,,,,,,,,
19-Dec-22,Removed,MBC,MasterBrand,Market capitalization change.[21],,,,,,,,,,
15-Dec-22,Added,MBC,MasterBrand,S&P 500 constituent Fortune Brands Home & Security spun off MasterBrand.[21],,,,,,,,,,
1-Nov-22,Added,ACGL,Arch Capital Group,Elon Musk acquired Twitter.[22],,,,,,,,,,
1-Nov-22,Removed,TWTR,Twitter,Elon Musk acquired Twitter.[22],,,,,,,,,,
12-Oct-22,Added,TRGP,Targa Resources,Elliot Management Corp acquired Nielsen Holdings.[23],,,,,,,,,,
12-Oct-22,Removed,NLSN,Nielsen Holdings,Elliot Management Corp acquired Nielsen Holdings.[23],,,,,,,,,,
3-Oct-22,Added,PCG,PG&E,Vista Equity Partners acquired Citrix Systems.[24],,,,,,,,,,
3-Oct-22,Added,EQT,EQT Corporation,S&P 500 constituent Prologis Inc. acquired Duke Realty.[24],,,,,,,,,,
3-Oct-22,Removed,CTXS,Citrix Systems,Vista Equity Partners acquired Citrix Systems.[24],,,,,,,,,,
3-Oct-22,Removed,DRE,Duke Realty,S&P 500 constituent Prologis Inc. acquired Duke Realty.[24],,,,,,,,,,
19-Sep-22,Added,CSGP,CoStar Group,Market capitalization change.[25],,,,,,,,,,
19-Sep-22,Added,INVH,Invitation Homes,Market capitalization change.[25],,,,,,,,,,
19-Sep-22,Removed,PVH,PVH,Market capitalization change.[25],,,,,,,,,,
19-Sep-22,Removed,PENN,Penn Entertainment,Market capitalization change.[25],,,,,,,,,,
21-Jun-22,Added,KDP,Keurig Dr Pepper,Market capitalization change.[26],,,,,,,,,,
21-Jun-22,Added,ON,ON Semiconductor,Market capitalization change.[26],,,,,,,,,,
21-Jun-22,Removed,UA,Under Armour (Class C),Market capitalization change.[26],,,,,,,,,,
21-Jun-22,Removed,UAA,Under Armour (Class A),Market capitalization change.[26],,,,,,,,,,
21-Jun-22,Removed,IPGP,IPG Photonics,Market capitalization change.[26],,,,,,,,,,
8-Jun-22,Added,VICI,Vici Properties,S&P 500 constituent Oracle Corp. acquired Cerner.[26],,,,,,,,,,
8-Jun-22,Removed,CERN,Cerner,S&P 500 constituent Oracle Corp. acquired Cerner.[26],,,,,,,,,,
4-Apr-22,Added,CPT,Camden Property Trust,S&P 500 constituent M&T Bank Corp. acquired People's United Financial.[27],,,,,,,,,,
4-Apr-22,Removed,PBCT,People's United Financial,S&P 500 constituent M&T Bank Corp. acquired People's United Financial.[27],,,,,,,,,,
2-Mar-22,Added,MOH,Molina Healthcare,S&P 500 constituent S&P Global Inc. acquired IHS Markit.[28],,,,,,,,,,
2-Mar-22,Removed,INFO,IHS Markit,S&P 500 constituent S&P Global Inc. acquired IHS Markit.[28],,,,,,,,,,
15-Feb-22,Added,NDSN,Nordson Corporation,S&P 500 constituent Advanced Micro Devices acquired Xilinx.[29],,,,,,,,,,
15-Feb-22,Removed,XLNX,Xilinx,S&P 500 constituent Advanced Micro Devices acquired Xilinx.[29],,,,,,,,,,
3-Feb-22,Removed,GPS,Gap,Market capitalization change.[30],,,,,,,,,,
2-Feb-22,Added,CEG,Constellation Energy,S&P 500 and 100 constituent Exelon Corp. spun off Constellation Energy.[30],,,,,,,,,,
20-Dec-21,Added,SBNY,Signature Bank,Market capitalization change.[31],,,,,,,,,,
20-Dec-21,Added,SEDG,SolarEdge,Market capitalization change.[31],,,,,,,,,,
20-Dec-21,Added,FDS,FactSet,Market capitalization change.[31],,,,,,,,,,
20-Dec-21,Removed,LEG,Leggett & Platt,Market capitalization change.[31],,,,,,,,,,
20-Dec-21,Removed,HBI,Hanesbrands,Market capitalization change.[31],,,,,,,,,,
20-Dec-21,Removed,WU,Western Union,Market capitalization change.[31],,,,,,,,,,
14-Dec-21,Added,EPAM,EPAM Systems,Canadian Pacific acquired Kansas City Southern.[32],,,,,,,,,,
14-Dec-21,Removed,KSU,Kansas City Southern,Canadian Pacific acquired Kansas City Southern.[32],,,,,,,,,,
20-Sep-21,Added,MTCH,Match Group,Market capitalization change.[33],,,,,,,,,,
20-Sep-21,Added,CDAY,Ceridian,Market capitalization change.[33],,,,,,,,,,
20-Sep-21,Added,BRO,Brown & Brown,Market capitalization change.[33],,,,,,,,,,
20-Sep-21,Removed,PRGO,Perrigo,Market capitalization change.[33],,,,,,,,,,
20-Sep-21,Removed,UNM,Unum,Market capitalization change.[33],,,,,,,,,,
20-Sep-21,Removed,NOV,Nov,Market capitalization change.[33],,,,,,,,,,
30-Aug-21,Added,TECH,Bio-Techne,S&P 500 constituent Analog Devices acquired Maxim Integrated Products.[34],,,,,,,,,,
30-Aug-21,Removed,MXIM,Maxim Integrated,S&P 500 constituent Analog Devices acquired Maxim Integrated Products.[34],,,,,,,,,,
21-Jul-21,Added,MRNA,Moderna,AstraZeneca acquired Alexion Pharmaceuticals.[35],,,,,,,,,,
21-Jul-21,Removed,ALXN,Alexion Pharmaceuticals,AstraZeneca acquired Alexion Pharmaceuticals.[35],,,,,,,,,,
4-Jun-21,Removed,HFC,HollyFrontier,Market capitalization change.[36],,,,,,,,,,
3-Jun-21,Added,OGN,Organon & Co.,S&P 500/100 constituent Merck & Co. spun off Organon.[36],,,,,,,,,,
14-May-21,Added,CRL,Charles River Laboratories,S&P 500 constituent Teledyne Technologies acquired FLIR Systems.[37],,,,,,,,,,
14-May-21,Removed,FLIR,FLIR Systems,S&P 500 constituent Teledyne Technologies acquired FLIR Systems.[37],,,,,,,,,,
20-Apr-21,Added,PTC,PTC,Siemens Healthineers acquired Varian Medical Systems.[38],,,,,,,,,,
20-Apr-21,Removed,VAR,Varian Medical Systems,Siemens Healthineers acquired Varian Medical Systems.[38],,,,,,,,,,
22-Mar-21,Added,NXPI,NXP,Market capitalization change.[39],,,,,,,,,,
22-Mar-21,Added,PENN,Penn National Gaming,Market capitalization change.[39],,,,,,,,,,
22-Mar-21,Added,GNRC,Generac Holdings,Market capitalization change.[39],,,,,,,,,,
22-Mar-21,Added,CZR,Caesars Entertainment,Market capitalization change.[39],,,,,,,,,,
22-Mar-21,Removed,FLS,Flowserve,Market capitalization change.[39],,,,,,,,,,
22-Mar-21,Removed,SLG,SL Green Realty,Market capitalization change.[39],,,,,,,,,,
22-Mar-21,Removed,XRX,Xerox,Market capitalization change.[39],,,,,,,,,,
22-Mar-21,Removed,VNT,Vontier,Market capitalization change.[39],,,,,,,,,,
12-Feb-21,Added,MPWR,Monolithic Power Systems,TechnipFMC was removed from the S&P 500 in anticipation of its announced spin-off of Technip Energies.[40],,,,,,,,,,
12-Feb-21,Removed,FTI,TechnipFMC,TechnipFMC was removed from the S&P 500 in anticipation of its announced spin-off of Technip Energies.[40],,,,,,,,,,
21-Jan-21,Added,TRMB,Trimble,S&P 500/100 constituent ConocoPhillips acquired Concho Resources.[41],,,,,,,,,,
21-Jan-21,Removed,CXO,Concho Resources,S&P 500/100 constituent ConocoPhillips acquired Concho Resources.[41],,,,,,,,,,
7-Jan-21,Added,ENPH,Enphase Energy,LVMH Moet Hennessy-Louis Vuitton SE acquired Tiffany & Co.[42],,,,,,,,,,
7-Jan-21,Removed,TIF,Tiffany & Co,LVMH Moet Hennessy-Louis Vuitton SE acquired Tiffany & Co.[42],,,,,,,,,,
21-Dec-20,Added,TSLA,Tesla,Apartment Investment and Management (Aimco) spun off Apartment Income REIT.[43],,,,,,,,,,
21-Dec-20,Removed,AIV,Apartment Investment & Management,Apartment Investment and Management (Aimco) spun off Apartment Income REIT.[43],,,,,,,,,,
12-Oct-20,Removed,NBL,Noble Energy,Chevron acquired Noble Energy.[44],,,,,,,,,,
9-Oct-20,Added,VNT,Vontier,S&P 500 constituent Fortive spun off Vontier.[44],,,,,,,,,,
7-Oct-20,Added,POOL,Pool Corporation,Morgan Stanley acquired E*Trade.[45],,,,,,,,,,
7-Oct-20,Removed,ETFC,E-Trade,Morgan Stanley acquired E*Trade.[45],,,,,,,,,,
21-Sep-20,Added,ETSY,Etsy,Market capitalization change.[46],,,,,,,,,,
21-Sep-20,Added,TER,Teradyne,Market capitalization change.[46],,,,,,,,,,
21-Sep-20,Added,CTLT,Catalent,Market capitalization change.[46],,,,,,,,,,
21-Sep-20,Removed,HRB,H&R Block,Market capitalization change.[46],,,,,,,,,,
21-Sep-20,Removed,COTY,Coty,Market capitalization change.[46],,,,,,,,,,
21-Sep-20,Removed,KSS,Kohl's,Market capitalization change.[46],,,,,,,,,,
22-Jun-20,Added,BIO,Bio-Rad Laboratories,Market capitalization change.[47],,,,,,,,,,
22-Jun-20,Added,TDY,Teledyne,Market capitalization change.[47],,,,,,,,,,
22-Jun-20,Added,TYL,Tyler Technologies,Market capitalization change.[47],,,,,,,,,,
22-Jun-20,Removed,ADS,Alliance Data Systems,Market capitalization change.[47],,,,,,,,,,
22-Jun-20,Removed,HOG,Harley-Davidson,Market capitalization change.[47],,,,,,,,,,
22-Jun-20,Removed,JWN,Nordstrom,Market capitalization change.[47],,,,,,,,,,
22-May-20,Added,WST,West Pharmaceutical Services,Market capitalization change.[48],,,,,,,,,,
22-May-20,Removed,HP,Helmerich & Payne,Market capitalization change.[48],,,,,,,,,,
12-May-20,Added,DPZ,Domino's Pizza,Market capitalization change.[49],,,,,,,,,,
12-May-20,Added,DXCM,Dexcom,Allergan acquired by AbbVie.[49],,,,,,,,,,
12-May-20,Removed,CPRI,Capri Holdings,Market capitalization change.[49],,,,,,,,,,
12-May-20,Removed,AGN,Allergan,Allergan acquired by AbbVie.[49],,,,,,,,,,
6-Apr-20,Removed,M,Macy's,Market capitalization change.[50],,,,,,,,,,
6-Apr-20,Removed,RTN,Raytheon Company,United Technologies spun off Otis and Carrier and acquired Raytheon Company.[50],,,,,,,,,,
3-Apr-20,Added,OTIS,Otis Worldwide,United Technologies spun off Otis and Carrier and acquired Raytheon Company.[50],,,,,,,,,,
3-Apr-20,Added,CARR,Carrier,United Technologies spun off Otis and Carrier and acquired Raytheon Company.[50],,,,,,,,,,
1-Apr-20,Added,HWM,Howmet Aerospace,Arconic separated into 2 companies - Howmet remained on the index.[51],,,,,,,,,,
1-Apr-20,Removed,ARNC,Arconic,Arconic separated into 2 companies - Howmet remained on the index.[51],,,,,,,,,,
2-Mar-20,Added,IR,Ingersoll Rand,"Gardner Denver acquired Ingersoll Rand's industrial businesses then changed its name to the ""new"" Ingersoll Rand Inc.[52][53]",,,,,,,,,,
2-Mar-20,Removed,XEC,Cimarex Energy,"Gardner Denver acquired Ingersoll Rand's industrial businesses then changed its name to the ""new"" Ingersoll Rand Inc.[52][53]",,,,,,,,,,
28-Jan-20,Added,PAYC,Paycom,S&P 500 constituent Centene Corp. (NYSE: CNC) acquired Wellcare Health Plans.[54],,,,,,,,,,
28-Jan-20,Removed,WCG,WellCare,S&P 500 constituent Centene Corp. (NYSE: CNC) acquired Wellcare Health Plans.[54],,,,,,,,,,
23-Dec-19,Added,LYV,Live Nation Entertainment,Market capitalization change.[55],,,,,,,,,,
23-Dec-19,Added,ZBRA,Zebra Technologies,Market capitalization change.[55],,,,,,,,,,
23-Dec-19,Added,STE,Steris,Market capitalization change.[55],,,,,,,,,,
23-Dec-19,Removed,AMG,Affiliated Managers Group,Market capitalization change.[55],,,,,,,,,,
23-Dec-19,Removed,TRIP,TripAdvisor,Market capitalization change.[55],,,,,,,,,,
23-Dec-19,Removed,MAC,Macerich,Market capitalization change.[55],,,,,,,,,,
9-Dec-19,Added,ODFL,Old Dominion Freight Line,BB&T acquired SunTrust to form Truist Financial.[56],,,,,,,,,,
9-Dec-19,Removed,STI,SunTrust Banks,BB&T acquired SunTrust to form Truist Financial.[56],,,,,,,,,,
5-Dec-19,Added,WRB,W. R. Berkley Corporation,CBS acquired Viacom to form ViacomCBS.[57],,,,,,,,,,
5-Dec-19,Removed,VIAB,Viacom,CBS acquired Viacom to form ViacomCBS.[57],,,,,,,,,,
21-Nov-19,Added,NOW,ServiceNow,Bristol-Myers Squibb (NYSE:BMY) acquired Celgene.[58],,,,,,,,,,
21-Nov-19,Removed,CELG,Celgene,Bristol-Myers Squibb (NYSE:BMY) acquired Celgene.[58],,,,,,,,,,
3-Oct-19,Added,LVS,Las Vegas Sands,Market capitalization change.[59],,,,,,,,,,
3-Oct-19,Removed,NKTR,Nektar Therapeutics,Market capitalization change.[59],,,,,,,,,,
26-Sep-19,Added,NVR,NVR,JEF spun off SPB.[60],,,,,,,,,,
26-Sep-19,Removed,JEF,Jefferies Financial Group,JEF spun off SPB.[60],,,,,,,,,,
23-Sep-19,Added,CDW,CDW,S&P 500 constituent Global Payments (NYSE: GPN) acquired TSS.[61],,,,,,,,,,
23-Sep-19,Removed,TSS,TSYS,S&P 500 constituent Global Payments (NYSE: GPN) acquired TSS.[61],,,,,,,,,,
9-Aug-19,Added,LDOS,Leidos,S&P 500 & 100 constituent Occidental Petroleum Corp. (NYSE:OXY) acquired Anadarko Petroleum.[62],,,,,,,,,,
9-Aug-19,Added,IEX,IDEX Corporation,Market capitalization change.[62],,,,,,,,,,
9-Aug-19,Removed,APC,Anadarko Petroleum,S&P 500 & 100 constituent Occidental Petroleum Corp. (NYSE:OXY) acquired Anadarko Petroleum.[62],,,,,,,,,,
9-Aug-19,Removed,FL,Foot Locker,Market capitalization change.[62],,,,,,,,,,
15-Jul-19,Added,TMUS,T-Mobile US,S&P 500 & 100 constituent IBM acquired Red Hat.[63],,,,,,,,,,
15-Jul-19,Removed,RHT,Red Hat,S&P 500 & 100 constituent IBM acquired Red Hat.[63],,,,,,,,,,
1-Jul-19,Added,MKTX,MarketAxess,L3 purchased by Harris Corporation[64],,,,,,,,,,
1-Jul-19,Removed,LLL,L3 Technologies,L3 purchased by Harris Corporation[64],,,,,,,,,,
11-Jun-19,Added,AMCR,Amcor,BMS changed to AMCR post merger with Amcor;[65] subsequently renamed to Amcor[66],,,,,,,,,,
11-Jun-19,Removed,BMS,Bemis,BMS changed to AMCR post merger with Amcor;[65] subsequently renamed to Amcor[66],,,,,,,,,,
7-Jun-19,Added,BMS,Bemis,Pending merger of Bemis and Amcor; Bemis treated as the surviving entity.[67],,,,,,,,,,
7-Jun-19,Removed,MAT,Mattel,Pending merger of Bemis and Amcor; Bemis treated as the surviving entity.[67],,,,,,,,,,
3-Jun-19,Added,DD,DuPont,DWDP changed to DD after spinning off Corteva.[68],,,,,,,,,,
3-Jun-19,Added,CTVA,Corteva,CTVA spun off from DWDP (which then changed symbol to DD)[68],,,,,,,,,,
3-Jun-19,Removed,DWDP,DuPont,DWDP changed to DD after spinning off Corteva.[68],,,,,,,,,,
3-Jun-19,Removed,FLR,Fluor Corporation,CTVA spun off from DWDP (which then changed symbol to DD)[68],,,,,,,,,,
2-Apr-19,Added,DOW,Dow,DOW spun off from DWDP[69],,,,,,,,,,
2-Apr-19,Removed,BHF,Brighthouse Financial,DOW spun off from DWDP[69],,,,,,,,,,
27-Feb-19,Added,WAB,Wabtec,WAB acquired GE transportation business[70],,,,,,,,,,
27-Feb-19,Removed,GT,The Goodyear Tire & Rubber Company,WAB acquired GE transportation business[70],,,,,,,,,,
15-Feb-19,Added,ATO,Atmos Energy,ECA acquired NFX[71],,,,,,,,,,
15-Feb-19,Removed,NFX,Newfield Exploration,ECA acquired NFX[71],,,,,,,,,,
18-Jan-19,Added,TFX,Teleflex,PCG filed for bankruptcy[72],,,,,,,,,,
18-Jan-19,Removed,PCG,Pacific Gas & Electric Company,PCG filed for bankruptcy[72],,,,,,,,,,
2-Jan-19,Added,FRC,First Republic Bank,Dominion Energy acquired SCANA Corporation[73],,,,,,,,,,
2-Jan-19,Removed,SCG,SCANA,Dominion Energy acquired SCANA Corporation[73],,,,,,,,,,
24-Dec-18,Added,CE,Celanese,S&P 500 constituent Cigna (NYSE: CI) acquired ESRX[74],,,,,,,,,,
24-Dec-18,Removed,ESRX,Express Scripts,S&P 500 constituent Cigna (NYSE: CI) acquired ESRX[74],,,,,,,,,,
3-Dec-18,Added,LW,Lamb Weston,UTX acquired COL[75],,,,,,,,,,
3-Dec-18,Added,MXIM,Maxim Integrated,CVS acquired Aetna[75],,,,,,,,,,
3-Dec-18,Added,FANG,Diamondback Energy,Market Capitalization change[75],,,,,,,,,,
3-Dec-18,Removed,COL,Rockwell Collins,UTX acquired COL[75],,,,,,,,,,
3-Dec-18,Removed,AET,Aetna,CVS acquired Aetna[75],,,,,,,,,,
3-Dec-18,Removed,SRCL,Stericycle,Market Capitalization change[75],,,,,,,,,,
13-Nov-18,Added,JKHY,Jack Henry & Associates,EQT spun off ETRN[76],,,,,,,,,,
13-Nov-18,Removed,EQT,EQT Corporation,EQT spun off ETRN[76],,,,,,,,,,
6-Nov-18,Added,KEYS,Keysight,CA acquired by Broadcom.[77],,,,,,,,,,
6-Nov-18,Removed,CA,CA Technologies,CA acquired by Broadcom.[77],,,,,,,,,,
11-Oct-18,Added,FTNT,Fortinet,EVHC acquired by KKR.[78],,,,,,,,,,
11-Oct-18,Removed,EVHC,Envision Healthcare,EVHC acquired by KKR.[78],,,,,,,,,,
1-Oct-18,Added,ROL,Rollins,ANDV acquired by Marathon Petroleum.[79],,,,,,,,,,
1-Oct-18,Removed,ANDV,Andeavor,ANDV acquired by Marathon Petroleum.[79],,,,,,,,,,
14-Sep-18,Added,WCG,WellCare,XL acquired by AXA.[80],,,,,,,,,,
14-Sep-18,Removed,XL,XL Group,XL acquired by AXA.[80],,,,,,,,,,
28-Aug-18,Added,ANET,Arista Networks,GGP acquired by Brookfield Property Partners.[81],,,,,,,,,,
28-Aug-18,Removed,GGP,GGP,GGP acquired by Brookfield Property Partners.[81],,,,,,,,,,
2-Jul-18,Added,CPRT,Copart,DPS acquired by Keurig Green Mountain.[82],,,,,,,,,,
2-Jul-18,Removed,DPS,Dr Pepper Snapple Group,DPS acquired by Keurig Green Mountain.[82],,,,,,,,,,
20-Jun-18,Added,FLT,FleetCor Technologies,AT&T acquired Time Warner.[83],,,,,,,,,,
20-Jun-18,Removed,TWX,Time Warner,AT&T acquired Time Warner.[83],,,,,,,,,,
18-Jun-18,Added,BR,Broadridge Financial Solutions,Market capitalization change.[84],,,,,,,,,,
18-Jun-18,Added,HFC,HollyFrontier,Market capitalization change.[84],,,,,,,,,,
18-Jun-18,Removed,RRC,Range Resources,Market capitalization change.[84],,,,,,,,,,
18-Jun-18,Removed,AYI,Acuity Brands,Market capitalization change.[84],,,,,,,,,,
7-Jun-18,Added,TWTR,Twitter,Bayer acquired Monsanto.[85],,,,,,,,,,
7-Jun-18,Removed,MON,Monsanto,Bayer acquired Monsanto.[85],,,,,,,,,,
5-Jun-18,Added,EVRG,Evergy,Westar Energy (NYSE: WR) acquired Great Plains Energy (NYSE: GXP) and changed name to Evergy.[86],,,,,,,,,,
5-Jun-18,Removed,NAVI,Navient,Westar Energy (NYSE: WR) acquired Great Plains Energy (NYSE: GXP) and changed name to Evergy.[86],,,,,,,,,,
31-May-18,Added,ABMD,Abiomed,Wyndham Worldwide spun off Wyndham Hotels & Resorts (NYSE:WH).[87],,,,,,,,,,
31-May-18,Removed,WYN,Wyndham Worldwide,Wyndham Worldwide spun off Wyndham Hotels & Resorts (NYSE:WH).[87],,,,,,,,,,
4-Apr-18,Added,MSCI,MSCI,S&P 500 constituent General Dynamics (NYSE: GD) acquired CSRA.[88],,,,,,,,,,
4-Apr-18,Removed,CSRA,CSRA,S&P 500 constituent General Dynamics (NYSE: GD) acquired CSRA.[88],,,,,,,,,,
19-Mar-18,Added,TTWO,Take-Two Interactive,Market capitalization change.[89],,,,,,,,,,
19-Mar-18,Added,SIVB,SVB Financial Group,Market capitalization change.[89],,,,,,,,,,
19-Mar-18,Added,NKTR,Nektar Therapeutics,Market capitalization change.[89],,,,,,,,,,
19-Mar-18,Removed,SIG,Signet Jewelers,Market capitalization change.[89],,,,,,,,,,
19-Mar-18,Removed,PDCO,Patterson Companies,Market capitalization change.[89],,,,,,,,,,
19-Mar-18,Removed,CHK,Chesapeake Energy,Market capitalization change.[89],,,,,,,,,,
7-Mar-18,Added,IPGP,IPG Photonics,Discovery Communications acquired SNI.[90],,,,,,,,,,
7-Mar-18,Removed,SNI,Scripps Networks Interactive,Discovery Communications acquired SNI.[90],,,,,,,,,,
3-Jan-18,Added,HII,Huntington Ingalls Industries,Becton Dickinson acquired BCR.[91],,,,,,,,,,
3-Jan-18,Removed,BCR,CR Bard,Becton Dickinson acquired BCR.[91],,,,,,,,,,
13-Oct-17,Added,NCLH,Norwegian Cruise Line Holdings,CenturyLink acquired LVLT.[92],,,,,,,,,,
13-Oct-17,Removed,LVLT,Level 3 Communications,CenturyLink acquired LVLT.[92],,,,,,,,,,
18-Sep-17,Added,CDNS,Cadence Design Systems,Sycamore Partners acquired Staples.[93],,,,,,,,,,
18-Sep-17,Removed,SPLS,Staples,Sycamore Partners acquired Staples.[93],,,,,,,,,,
1-Sep-17,Added,DWDP,DuPont,The Dow Chemical Company renamed to DowDuPont Inc. and ticker changed from DOW to DWDP after acquiring DuPont.[94],,,,,,,,,,
1-Sep-17,Added,SBAC,SBA Communications,The Dow Chemical Company acquired DuPont.[94],,,,,,,,,,
1-Sep-17,Removed,DOW,Dow Chemical Company,The Dow Chemical Company renamed to DowDuPont Inc. and ticker changed from DOW to DWDP after acquiring DuPont.[94],,,,,,,,,,
1-Sep-17,Removed,DD,DuPont,The Dow Chemical Company acquired DuPont.[94],,,,,,,,,,
29-Aug-17,Added,Q,QuintilesIMS,Amazon acquired Whole Foods Market.[94],,,,,,,,,,
29-Aug-17,Removed,WFM,Whole Foods Market,Amazon acquired Whole Foods Market.[94],,,,,,,,,,
8-Aug-17,Added,BHF,Brighthouse Financial,"BHF replaced AN,[95] MET spun off BHF[95]",,,,,,,,,,
8-Aug-17,Removed,AN,AutoNation,"BHF replaced AN,[95] MET spun off BHF[95]",,,,,,,,,,
26-Jul-17,Added,DRE,Duke Realty Corp,Market capitalization change.[96],,,,,,,,,,
26-Jul-17,Added,AOS,A. O. Smith,Market capitalization change.[96],,,,,,,,,,
26-Jul-17,Added,PKG,Packaging Corporation of America,Market capitalization change.[96],,,,,,,,,,
26-Jul-17,Added,RMD,ResMed,Market capitalization change.[96],,,,,,,,,,
26-Jul-17,Added,MGM,MGM Resorts International,British American Tobacco (NYSE MKT:BTI) acquired Reynolds American.[96],,,,,,,,,,
26-Jul-17,Removed,RIG,Transocean,Market capitalization change.[96],,,,,,,,,,
26-Jul-17,Removed,BBBY,Bed Bath & Beyond,Market capitalization change.[96],,,,,,,,,,
26-Jul-17,Removed,MUR,Murphy Oil,Market capitalization change.[96],,,,,,,,,,
26-Jul-17,Removed,MNK,Mallinckrodt,Market capitalization change.[96],,,,,,,,,,
26-Jul-17,Removed,RAI,Reynolds American,British American Tobacco (NYSE MKT:BTI) acquired Reynolds American.[96],,,,,,,,,,
19-Jun-17,Added,HLT,Hilton,VZ acquired YHOO operations; remainder of YHOO converted to closed-end company known as Altaba.[97],,,,,,,,,,
19-Jun-17,Added,ALGN,Align Technology,Market capitalization changes.[97],,,,,,,,,,
19-Jun-17,Added,ANSS,Ansys,Market capitalization changes.[97],,,,,,,,,,
19-Jun-17,Added,RE,Everest Re,Reckitt Benckiser acquired Mead Johnson Nutrition.[98],,,,,,,,,,
19-Jun-17,Removed,YHOO,Yahoo!,VZ acquired YHOO operations; remainder of YHOO converted to closed-end company known as Altaba.[97],,,,,,,,,,
19-Jun-17,Removed,TDC,Teradata,Market capitalization changes.[97],,,,,,,,,,
19-Jun-17,Removed,R,Ryder System,Market capitalization changes.[97],,,,,,,,,,
19-Jun-17,Removed,MJN,Mead Johnson,Reckitt Benckiser acquired Mead Johnson Nutrition.[98],,,,,,,,,,
2-Jun-17,Added,INFO,IHS Markit,TGNA spins off Cars.com[99],,,,,,,,,,
2-Jun-17,Removed,TGNA,Tegna,TGNA spins off Cars.com[99],,,,,,,,,,
5-Apr-17,Added,IT,Gartner,IT acquiring CEB[100],,,,,,,,,,
5-Apr-17,Removed,DNB,Dun & Bradstreet,IT acquiring CEB[100],,,,,,,,,,
4-Apr-17,Added,DXC,DXC Technology,"HPE spins off Everett, merged with CSC to form DXC[101][102]",,,,,,,,,,
4-Apr-17,Removed,SWN,Southwestern Energy,"HPE spins off Everett, merged with CSC to form DXC[101][102]",,,,,,,,,,
20-Mar-17,Added,AMD,Advanced Micro Devices,Market capitalization change.[103],,,,,,,,,,
20-Mar-17,Added,RJF,Raymond James Financial,Market capitalization change.[103],,,,,,,,,,
20-Mar-17,Added,ARE,Alexandria Real Estate Equities,Market capitalization change.[103],,,,,,,,,,
20-Mar-17,Removed,URBN,Urban Outfitters,Market capitalization change.[103],,,,,,,,,,
20-Mar-17,Removed,FTR,Frontier Communications,Market capitalization change.[103],,,,,,,,,,
20-Mar-17,Removed,FSLR,First Solar,Market capitalization change.[103],,,,,,,,,,
16-Mar-17,Added,SNPS,Synopsys,Samsung Electronics acquired Harman International Industries.[104],,,,,,,,,,
16-Mar-17,Removed,HAR,Harman International,Samsung Electronics acquired Harman International Industries.[104],,,,,,,,,,
13-Mar-17,Added,DISH,Dish Network,S&P 500 constituent Analog Devices (NASD:ADI) acquired Linear Technology.[105],,,,,,,,,,
13-Mar-17,Removed,LLTC,Linear Technology,S&P 500 constituent Analog Devices (NASD:ADI) acquired Linear Technology.[105],,,,,,,,,,
2-Mar-17,Added,REG,Regency Centers,REG acquires EQY[106],,,,,,,,,,
2-Mar-17,Removed,ENDP,Endo International,REG acquires EQY[106],,,,,,,,,,
1-Mar-17,Added,CBOE,Cboe Holdings,CBOE acquires BATS[106],,,,,,,,,,
1-Mar-17,Removed,PBI,Pitney Bowes,CBOE acquires BATS[106],,,,,,,,,,
28-Feb-17,Added,INCY,Incyte,SE acquired by ENB[106],,,,,,,,,,
28-Feb-17,Removed,SE,Spectra Energy,SE acquired by ENB[106],,,,,,,,,,
5-Jan-17,Added,IDXX,Idexx Laboratories,S&P 100 & 500 constituent Abbott Laboratories (NYSE:ABT) acquired St. Jude Medical.[107],,,,,,,,,,
5-Jan-17,Removed,STJ,St Jude Medical,S&P 100 & 500 constituent Abbott Laboratories (NYSE:ABT) acquired St. Jude Medical.[107],,,,,,,,,,
19-Dec-16,Added,AGN,Allergan,Allergan plc(NYSE:AGN) added to S&P 500 Value,,,,,,,,,,
2-Dec-16,Added,MAA,Mid-America Apartments,Market capitalization change.[108],,,,,,,,,,
2-Dec-16,Added,EVHC,Envision Healthcare,Market capitalization change.[108],,,,,,,,,,
2-Dec-16,Removed,OI,Owens-Illinois,Market capitalization change.[108],,,,,,,,,,
2-Dec-16,Removed,LM,Legg Mason,Market capitalization change.[108],,,,,,,,,,
1-Nov-16,Added,ARNC,Arconic,AA spins off ARNC[109],,,,,,,,,,
1-Nov-16,Removed,AA,Alcoa,AA spins off ARNC[109],,,,,,,,,,
30-Sep-16,Added,COTY,Coty,COTY replaces DO[110],,,,,,,,,,
30-Sep-16,Removed,DO,Diamond Offshore Drilling,COTY replaces DO[110],,,,,,,,,,
22-Sep-16,Added,COO,The Cooper Companies,MAR acquires HOT[111],,,,,,,,,,
22-Sep-16,Removed,HOT,Starwood,MAR acquires HOT[111],,,,,,,,,,
8-Sep-16,Added,CHTR,Charter Communications,Dell acquires EMC[112],,,,,,,,,,
8-Sep-16,Removed,EMC,EMC Corporation,Dell acquires EMC[112],,,,,,,,,,
6-Sep-16,Added,MTD,Mettler Toledo,TYC acquires JCI (and retains JCI ticker).[113],,,,,,,,,,
6-Sep-16,Removed,TYC,Tyco International,TYC acquires JCI (and retains JCI ticker).[113],,,,,,,,,,
5-Jul-16,Added,FTV,Fortive Corp,CPGX acquired by TRP[114],,,,,,,,,,
5-Jul-16,Removed,CPGX,Columbia Pipeline Group,CPGX acquired by TRP[114],,,,,,,,,,
1-Jul-16,Added,LNT,Alliant Energy Corp,GAS acquired by SO[115],,,,,,,,,,
1-Jul-16,Added,ALB,Albemarle Corporation,TE acquired by EMA[114],,,,,,,,,,
1-Jul-16,Removed,GAS,AGL Resources,GAS acquired by SO[115],,,,,,,,,,
1-Jul-16,Removed,TE,TECO Energy,TE acquired by EMA[114],,,,,,,,,,
22-Jun-16,Added,FBHS,Fortune Brands Home & Security,CVC acquired by Altice NV[116],,,,,,,,,,
22-Jun-16,Removed,CVC,Cablevision Systems,CVC acquired by Altice NV[116],,,,,,,,,,
3-Jun-16,Added,TDG,TransDigm Group,SHPG acquiring BXLT[117],,,,,,,,,,
3-Jun-16,Removed,BXLT,Baxalta,SHPG acquiring BXLT[117],,,,,,,,,,
31-May-16,Added,AJG,Arthur J. Gallagher & Co.,CCE merging with European bottlers[118],,,,,,,,,,
31-May-16,Removed,CCE,Coca-Cola Enterprises,CCE merging with European bottlers[118],,,,,,,,,,
23-May-16,Added,LKQ,LKQ Corporation,ARG acquired by Air Liquide[119],,,,,,,,,,
23-May-16,Removed,ARG,Airgas,ARG acquired by Air Liquide[119],,,,,,,,,,
18-May-16,Added,DLR,Digital Realty,TWC acquired by CHTR[120],,,,,,,,,,
18-May-16,Removed,TWC,Time Warner Cable,TWC acquired by CHTR[120],,,,,,,,,,
13-May-16,Added,ALK,Alaska Air Group,SNDK acquired by WDC[121],,,,,,,,,,
13-May-16,Removed,SNDK,SanDisk,SNDK acquired by WDC[121],,,,,,,,,,
3-May-16,Added,AYI,Acuity Brands,ADT acquired by APO[122],,,,,,,,,,
3-May-16,Removed,ADT,ADT,ADT acquired by APO[122],,,,,,,,,,
25-Apr-16,Added,GPN,Global Payments,Global Payments is acquiring Heartland Payment Systems[123],,,,,,,,,,
25-Apr-16,Removed,GME,GameStop,Global Payments is acquiring Heartland Payment Systems[123],,,,,,,,,,
18-Apr-16,Added,ULTA,Ulta Beauty,Ulta replaces Tenet[124],,,,,,,,,,
18-Apr-16,Removed,THC,Tenet Healthcare,Ulta replaces Tenet[124],,,,,,,,,,
8-Apr-16,Added,UA,Under Armour (Class C),Under Armour distribution of second class of stock,,,,,,,,,,
4-Apr-16,Added,FL,Foot Locker,Schlumberger acquired Cameron[125],,,,,,,,,,
4-Apr-16,Removed,CAM,Cameron International,Schlumberger acquired Cameron[125],,,,,,,,,,
30-Mar-16,Added,HOLX,Hologic,Exelon acquired Pepco.[126],,,,,,,,,,
30-Mar-16,Added,CNC,Centene Corporation,Centene acquired Health Net.[126],,,,,,,,,,
30-Mar-16,Removed,POM,Pepco Holdings,Exelon acquired Pepco.[126],,,,,,,,,,
30-Mar-16,Removed,ESV,Ensco,Centene acquired Health Net.[126],,,,,,,,,,
7-Mar-16,Added,UDR,UDR,JAB Holding Company acquired Keurig Green Mountain[127],,,,,,,,,,
7-Mar-16,Removed,GMCR,Keurig Green Mountain,JAB Holding Company acquired Keurig Green Mountain[127],,,,,,,,,,
4-Mar-16,Added,AWK,American Water Works,AWK replaces CNX[128],,,,,,,,,,
4-Mar-16,Removed,CNX,Consol Energy,AWK replaces CNX[128],,,,,,,,,,
22-Feb-16,Added,CXO,Concho Resources,PCL taken over by WY[129],,,,,,,,,,
22-Feb-16,Removed,PCL,Plum Creek Timber,PCL taken over by WY[129],,,,,,,,,,
1-Feb-16,Added,CFG,Citizens,CFG replaces PCP[130],,,,,,,,,,
1-Feb-16,Added,FRT,Federal Realty Investment Trust,FRT replaces BRCM[131],,,,,,,,,,
1-Feb-16,Removed,PCP,Precision Castparts Corporation,CFG replaces PCP[130],,,,,,,,,,
1-Feb-16,Removed,BRCM,Broadcom Corporation,FRT replaces BRCM[131],,,,,,,,,,
19-Jan-16,Added,EXR,Extra Space Storage,"EXR replaces ACE as ACE Ltd acquires Chubb and retains the CB ticker, giving up ACE[132]",,,,,,,,,,
19-Jan-16,Removed,ACE,Chubb,"EXR replaces ACE as ACE Ltd acquires Chubb and retains the CB ticker, giving up ACE[132]",,,,,,,,,,
5-Jan-16,Added,WLTW,Willis Towers Watson,WSH merges with TW (and renames to WLTW)[133],,,,,,,,,,
5-Jan-16,Removed,FOSL,Fossil Group,WSH merges with TW (and renames to WLTW)[133],,,,,,,,,,
29-Dec-15,Added,CHD,Church & Dwight,ALTR taken over by INTC[134],,,,,,,,,,
29-Dec-15,Removed,ALTR,Altera,ALTR taken over by INTC[134],,,,,,,,,,
15-Dec-15,Removed,CMCSK,Comcast K Corp,CMCSK shares no longer listed[135],,,,,,,,,,
1-Dec-15,Added,CSRA,CSRA,CSC spins off CSRA[136],,,,,,,,,,
1-Dec-15,Removed,CSC,Computer Sciences Corporation,CSC spins off CSRA[136],,,,,,,,,,
19-Nov-15,Added,ILMN,Illumina,Sigma-Aldrich acquired by Merck KGaA (MKGAY)[137],,,,,,,,,,
19-Nov-15,Removed,SIAL,Sigma-Aldrich,Sigma-Aldrich acquired by Merck KGaA (MKGAY)[137],,,,,,,,,,
18-Nov-15,Added,SYF,Synchrony Financial,GE spinning off Synchrony Financial[138],,,,,,,,,,
18-Nov-15,Removed,GNW,Genworth Financial,GE spinning off Synchrony Financial[138],,,,,,,,,,
2-Nov-15,Added,HPE,Hewlett Packard Enterprise,HPQ spins off HPE[139],,,,,,,,,,
2-Nov-15,Removed,HCBK,Hudson City Bancorp,HPQ spins off HPE[139],,,,,,,,,,
7-Oct-15,Added,VRSK,Verisk Analytics,Market capitalization change.[140],,,,,,,,,,
7-Oct-15,Removed,JOY,Joy Global,Market capitalization change.[140],,,,,,,,,,
18-Sep-15,Added,CMCSK,Comcast Class K Special,Share class methodology change[141],,,,,,,,,,
18-Sep-15,Added,FOX,Twenty-First Century Fox Class B,Share class methodology change,,,,,,,,,,
18-Sep-15,Added,NWS,News Corporation Class B,Share class methodology change,,,,,,,,,,
2-Sep-15,Added,UAL,United Continental Holdings,Hospira taken over[142],,,,,,,,,,
2-Sep-15,Removed,HSP,Hospira,Hospira taken over[142],,,,,,,,,,
28-Aug-15,Added,ATVI,Activision Blizzard,Pall taken over[142],,,,,,,,,,
28-Aug-15,Removed,PLL,Pall Corporation,Pall taken over[142],,,,,,,,,,
29-Jul-15,Added,SIG,Signet Jewelers,DirecTV acquired by AT&T.[143],,,,,,,,,,
29-Jul-15,Removed,DTV,DirecTV,DirecTV acquired by AT&T.[143],,,,,,,,,,
20-Jul-15,Added,PYPL,PayPal,PayPal Spun off by eBay[144],,,,,,,,,,
20-Jul-15,Removed,NE,Noble Corporation,PayPal Spun off by eBay[144],,,,,,,,,,
8-Jul-15,Added,AAP,Advance Auto Parts,Family Dollar acquired.[145],,,,,,,,,,
8-Jul-15,Removed,FDO,Family Dollar,Family Dollar acquired.[145],,,,,,,,,,
6-Jul-15,Added,KHC,Kraft Heinz,Kraft merger with Heinz.[146],,,,,,,,,,
6-Jul-15,Removed,KRFT,Kraft Foods,Kraft merger with Heinz.[146],,,,,,,,,,
2-Jul-15,Added,CPGX,Columbia Pipeline Group,Spin off of Columbia Pipeline.[147],,,,,,,,,,
2-Jul-15,Removed,ATI,Allegheny Technologies,Spin off of Columbia Pipeline.[147],,,,,,,,,,
1-Jul-15,Added,JBHT,J.B. Hunt,Integrys taken over.[148],,,,,,,,,,
1-Jul-15,Added,BXLT,Baxalta,Baxalta spun off by Baxter.[149],,,,,,,,,,
1-Jul-15,Removed,TEG,Integrys Energy Group,Integrys taken over.[148],,,,,,,,,,
1-Jul-15,Removed,QEP,QEP Resources,Baxalta spun off by Baxter.[149],,,,,,,,,,
11-Jun-15,Added,QRVO,Qorvo,Lorillard gets acquired.[150],,,,,,,,,,
11-Jun-15,Removed,LO,Lorillard Tobacco Company,Lorillard gets acquired.[150],,,,,,,,,,
7-Apr-15,Added,O,Realty Income Corporation,Market capitalization change.[151],,,,,,,,,,
7-Apr-15,Removed,WIN,Windstream Communications,Market capitalization change.[151],,,,,,,,,,
23-Mar-15,Added,AAL,American Airlines Group,Allergan acquired by Actavis (and changed name to Allergan).[152],,,,,,,,,,
23-Mar-15,Added,EQIX,Equinix,Market Capitalization Changes.[153],,,,,,,,,,
23-Mar-15,Added,SLG,SL Green Realty,Market Capitalization Changes.,,,,,,,,,,
23-Mar-15,Added,HBI,Hanesbrands,Market Capitalization Changes.,,,,,,,,,,
23-Mar-15,Removed,AGN,Allergan,Allergan acquired by Actavis (and changed name to Allergan).[152],,,,,,,,,,
23-Mar-15,Removed,DNR,Denbury Resources,Market Capitalization Changes.[153],,,,,,,,,,
23-Mar-15,Removed,NBR,Nabors Industries,Market Capitalization Changes.,,,,,,,,,,
23-Mar-15,Removed,AVP,Avon Products,Market Capitalization Changes.,,,,,,,,,,
18-Mar-15,Added,HSIC,Henry Schein,Carefusion acquired by Becton Dickinson[154],,,,,,,,,,
18-Mar-15,Removed,CFN,Carefusion,Carefusion acquired by Becton Dickinson[154],,,,,,,,,,
12-Mar-15,Added,SWKS,Skyworks,PetSmart acquired by private equity consortium[155],,,,,,,,,,
12-Mar-15,Removed,PETM,PetSmart,PetSmart acquired by private equity consortium[155],,,,,,,,,,
27-Jan-15,Added,HCA,HCA Holdings,Safeway acquired by private equity consortium[156],,,,,,,,,,
27-Jan-15,Added,ENDP,Endo International,Covidien acquired by Medtronic[157],,,,,,,,,,
27-Jan-15,Removed,SWY,Safeway,Safeway acquired by private equity consortium[156],,,,,,,,,,
27-Jan-15,Removed,COV,Covidien,Covidien acquired by Medtronic[157],,,,,,,,,,
5-Dec-14,Added,RCL,Royal Caribbean Cruises,Market cap changes[158],,,,,,,,,,
5-Dec-14,Removed,BMS,Bemis Company,Market cap changes[158],,,,,,,,,,
5-Nov-14,Added,LVLT,Level 3 Communications,Market cap changes[159],,,,,,,,,,
5-Nov-14,Removed,JBL,Jabil Circuit,Market cap changes[159],,,,,,,,,,
20-Sep-14,Added,URI,United Rentals,Market cap changes[160],,,,,,,,,,
20-Sep-14,Added,UHS,Universal Health Services,Market cap changes,,,,,,,,,,
20-Sep-14,Removed,BTU,Peabody Energy,Market cap changes[160],,,,,,,,,,
20-Sep-14,Removed,GHC,Graham Holdings,Market cap changes,,,,,,,,,,
18-Aug-14,Added,MNK,Mallinckrodt,Market cap changes[161],,,,,,,,,,
18-Aug-14,Removed,RDC,Rowan Companies,Market cap changes[161],,,,,,,,,,
6-Aug-14,Added,DISCK,Discovery Communications,Class C share distribution[162],,,,,,,,,,
2-Jul-14,Added,MLM,Martin Marietta,Market capitalization changes[163],,,,,,,,,,
2-Jul-14,Removed,X,United States Steel,Market capitalization changes[163],,,,,,,,,,
1-Jul-14,Added,AMG,Affiliated Managers Group,Actavis acquires Forest Laboratories[164],,,,,,,,,,
1-Jul-14,Removed,FRX,Forest Laboratories,Actavis acquires Forest Laboratories[164],,,,,,,,,,
20-Jun-14,Added,XEC,Cimarex Energy,Market capitalization changes[165],,,,,,,,,,
20-Jun-14,Removed,IGT,International Game Technology,Market capitalization changes[165],,,,,,,,,,
8-May-14,Added,AVGO,Avago Technologies,Avago acquires LSI[166],,,,,,,,,,
8-May-14,Removed,LSI,LSI Corporation,Avago acquires LSI[166],,,,,,,,,,
1-May-14,Added,UA,Under Armour,Beam acquired by Suntory[167],,,,,,,,,,
1-May-14,Added,NAVI,Navient,Navient Spun off from SLM[167],,,,,,,,,,
1-May-14,Removed,BEAM,Beam Suntory,Beam acquired by Suntory[167],,,,,,,,,,
1-May-14,Removed,SLM,SLM Corporation,Navient Spun off from SLM[167],,,,,,,,,,
3-Apr-14,Added,GOOGL,Google,Google Class C share distribution[168],,,,,,,,,,
2-Apr-14,Added,ESS,Essex Property Trust,Market capitalization changes[169],,,,,,,,,,
2-Apr-14,Removed,CLF,Cliffs Natural Resources,Market capitalization changes[169],,,,,,,,,,
21-Mar-14,Added,GMCR,Keurig Green Mountain,Market capitalization changes[170],,,,,,,,,,
21-Mar-14,Removed,WPX,WPX Energy,Market capitalization changes[170],,,,,,,,,,
24-Jan-14,Added,TSCO,Tractor Supply,Life Technologies acquired by Thermo Fisher Scientific Inc[171],,,,,,,,,,
24-Jan-14,Removed,LIFE,Life Technologies,Life Technologies acquired by Thermo Fisher Scientific Inc[171],,,,,,,,,,
23-Dec-13,Added,ADS,Alliance Data Systems,Market capitalization changes.[172],,,,,,,,,,
23-Dec-13,Added,MHK,Mohawk Industries,Market capitalization changes.[172],,,,,,,,,,
23-Dec-13,Added,FB,Facebook,Market capitalization changes.[172],,,,,,,,,,
23-Dec-13,Removed,ANF,Abercrombie & Fitch,Market capitalization changes.[172],,,,,,,,,,
23-Dec-13,Removed,JDSU,JDS Uniphase,Market capitalization changes.[172],,,,,,,,,,
23-Dec-13,Removed,TER,Teradyne,Market capitalization changes.[172],,,,,,,,,,
10-Dec-13,Added,GGP,General Growth Properties,MOLX acquired by Koch Industries.[173],,,,,,,,,,
10-Dec-13,Removed,MOLX,Molex,MOLX acquired by Koch Industries.[173],,,,,,,,,,
2-Dec-13,Added,ALLE,Allegion,Allegion spun off by Ingersoll Rand.[174],,,,,,,,,,
2-Dec-13,Removed,JCP,JCPenney,Allegion spun off by Ingersoll Rand.[174],,,,,,,,,,
13-Nov-13,Added,KORS,Michael Kors,ICE Exchange acquired NYSE Euronext.[175],,,,,,,,,,
13-Nov-13,Removed,NYX,NYSE Euronext,ICE Exchange acquired NYSE Euronext.[175],,,,,,,,,,
29-Oct-13,Added,RIG,Transocean,Founder Michael Dell and Silver Lake Partners acquired Dell.[176],,,,,,,,,,
29-Oct-13,Removed,DELL,Dell,Founder Michael Dell and Silver Lake Partners acquired Dell.[176],,,,,,,,,,
20-Sep-13,Added,VRTX,Vertex Pharmaceuticals,Market capitalization change.[177],,,,,,,,,,
20-Sep-13,Added,AME,Ametek,Market capitalization change.[177],,,,,,,,,,
20-Sep-13,Removed,AMD,Advanced Micro Devices,Market capitalization change.[177],,,,,,,,,,
20-Sep-13,Removed,SAI,SAIC,Market capitalization change.[177],,,,,,,,,,
10-Sep-13,Added,DAL,Delta Air Lines,BMC taken private by consortium[178],,,,,,,,,,
10-Sep-13,Removed,BMC,BMC Software,BMC taken private by consortium[178],,,,,,,,,,
8-Jul-13,Added,NLSN,Nielsen Holdings,Softbank consortium purchase results in public float below 50%[179],,,,,,,,,,
8-Jul-13,Removed,S,Sprint Nextel,Softbank consortium purchase results in public float below 50%[179],,,,,,,,,,
1-Jul-13,Added,NWSA,21st Century Fox,Apollo Group's market cap more representative of a mid-cap[180],,,,,,,,,,
1-Jul-13,Removed,APOL,Apollo Education Group,Apollo Group's market cap more representative of a mid-cap[180],,,,,,,,,,
21-Jun-13,Added,ZTS,Zoetis,Zoetis spun off by Pfizer[181],,,,,,,,,,
21-Jun-13,Removed,FHN,First Horizon,Zoetis spun off by Pfizer[181],,,,,,,,,,
6-Jun-13,Added,GM,General Motors,HNZ acquired by consortium[182],,,,,,,,,,
6-Jun-13,Removed,HNZ,Heinz,HNZ acquired by consortium[182],,,,,,,,,,
23-May-13,Added,KSU,Kansas City Southern,DF too small after spinoff of White Wave Foods[183],,,,,,,,,,
23-May-13,Removed,DF,Dean Foods,DF too small after spinoff of White Wave Foods[183],,,,,,,,,,
8-May-13,Added,MAC,Macerich,Acquired by Aetna (AET)[184],,,,,,,,,,
8-May-13,Removed,CVH,Coventry Health Care,Acquired by Aetna (AET)[184],,,,,,,,,,
30-Apr-13,Added,REGN,Regeneron Pharmaceuticals,A majority of MetroPCS was acquired by T-Mobile[185],,,,,,,,,,
30-Apr-13,Removed,PCS,MetroPCS,A majority of MetroPCS was acquired by T-Mobile[185],,,,,,,,,,
15-Feb-13,Added,PVH,PVH,Market capitalization changes[186],,,,,,,,,,
15-Feb-13,Removed,BIG,Big Lots,Market capitalization changes[186],,,,,,,,,,
2-Jan-13,Added,ABBV,AbbVie,ABBV spun off from Abbott Labs (ABT)[187],,,,,,,,,,
2-Jan-13,Removed,FII,Federated Investors,ABBV spun off from Abbott Labs (ABT)[187],,,,,,,,,,
21-Dec-12,Added,DLPH,Delphi Automotive,TIE acquired by Precision Cast Parts (PCP)[188],,,,,,,,,,
21-Dec-12,Removed,TIE,Titanium Metals,TIE acquired by Precision Cast Parts (PCP)[188],,,,,,,,,,
11-Dec-12,Added,GRMN,Garmin,Market capitalization changes[189],,,,,,,,,,
11-Dec-12,Removed,RRD,RR Donnelley,Market capitalization changes[189],,,,,,,,,,
3-Dec-12,Added,DG,Dollar General,Acquired by Eaton Corp. (ETN)[190],,,,,,,,,,
3-Dec-12,Removed,CBE,Cooper Industries,Acquired by Eaton Corp. (ETN)[190],,,,,,,,,,
10-Oct-12,Added,PETM,PetSmart,Acquired by Energy Transfer Partners (ETP)[191],,,,,,,,,,
10-Oct-12,Removed,SUN,Sunoco,Acquired by Energy Transfer Partners (ETP)[191],,,,,,,,,,
2-Oct-12,Added,KRFT,Kraft Foods,Kraft split into two companies[192],,,,,,,,,,
2-Oct-12,Removed,ANR,Alpha Natural Resources,Kraft split into two companies[192],,,,,,,,,,
1-Oct-12,Added,ADT,ADT,Tyco spun off ADT[193],,,,,,,,,,
1-Oct-12,Added,PNR,Pentair,Tyco spin-off merged w/Pentair[193],,,,,,,,,,
1-Oct-12,Removed,LXK,Lexmark,Tyco spun off ADT[193],,,,,,,,,,
1-Oct-12,Removed,DV,DeVry,Tyco spin-off merged w/Pentair[193],,,,,,,,,,
5-Sep-12,Added,LYB,LyondellBasell,SHLD below public float threshold[194],,,,,,,,,,
5-Sep-12,Removed,SHLD,Sears Holdings,SHLD below public float threshold[194],,,,,,,,,,
31-Jul-12,Added,ESV,Ensco,Goodrich acquired by United Technologies (UTX).[195],,,,,,,,,,
31-Jul-12,Removed,GR,Goodrich Corporation,Goodrich acquired by United Technologies (UTX).[195],,,,,,,,,,
2-Jul-12,Added,STX,Seagate Technology,Acquired by Duke Energy (DUK)[196],,,,,,,,,,
2-Jul-12,Removed,PGN,Progress Energy,Acquired by Duke Energy (DUK)[196],,,,,,,,,,
29-Jun-12,Added,MNST,Monster Beverage,Split up of Sara Lee[197],,,,,,,,,,
29-Jun-12,Removed,SLE,Sara Lee Corporation,Split up of Sara Lee[197],,,,,,,,,,
5-Jun-12,Added,LRCX,Lam Research,Acquired by Lam Research (LRCX)[198],,,,,,,,,,
5-Jun-12,Removed,NVLS,Novellus Systems,Acquired by Lam Research (LRCX)[198],,,,,,,,,,
21-May-12,Added,ALXN,Alexion Pharmaceuticals,Acquired by Google (GOOG)[199],,,,,,,,,,
21-May-12,Removed,MMI,Motorola Mobility,Acquired by Google (GOOG)[199],,,,,,,,,,
17-May-12,Added,KMI,Kinder Morgan,Acquired by Kinder Morgan (KMI)[200],,,,,,,,,,
17-May-12,Removed,EP,El Paso Corporation,Acquired by Kinder Morgan (KMI)[200],,,,,,,,,,
23-Apr-12,Added,PSX,Phillips 66,ConocoPhillips spun off Phillips 66[201],,,,,,,,,,
23-Apr-12,Removed,SVU,Supervalu,ConocoPhillips spun off Phillips 66[201],,,,,,,,,,
3-Apr-12,Added,FOSL,Fossil,Acquired by Express Scripts (ESRX)[202],,,,,,,,,,
3-Apr-12,Removed,MHS,Medco Health Solutions,Acquired by Express Scripts (ESRX)[202],,,,,,,,,,
13-Mar-12,Added,CCI,Crown Castle,Acquired by Exelon Corp. (EXC)[203],,,,,,,,,,
13-Mar-12,Removed,CEG,Constellation Energy Group,Acquired by Exelon Corp. (EXC)[203],,,,,,,,,,
31-Dec-11,Added,WPX,WPX Energy,Market capitalization changes[204],,,,,,,,,,
31-Dec-11,Removed,CPWR,Compuware,Market capitalization changes[204],,,,,,,,,,
20-Dec-11,Added,TRIP,TripAdvisor,Expedia spun off TripAdvisor.[205],,,,,,,,,,
20-Dec-11,Removed,TLAB,Tellabs,Expedia spun off TripAdvisor.[205],,,,,,,,,,
16-Dec-11,Added,BWA,BorgWarner,Market capitalization changes[206],,,,,,,,,,
16-Dec-11,Added,PRGO,Perrigo,Market capitalization changes,,,,,,,,,,
16-Dec-11,Added,DLTR,Dollar Tree,Market capitalization changes,,,,,,,,,,
16-Dec-11,Removed,AKS,AK Steel,Market capitalization changes[206],,,,,,,,,,
16-Dec-11,Removed,MWW,Monster Worldwide,Market capitalization changes,,,,,,,,,,
16-Dec-11,Removed,WFR,MEMC Electronic Materials,Market capitalization changes,,,,,,,,,,
12-Dec-11,Added,GAS,AGL Resources.,"Nicor acquired by AGL, which retained the GAS ticker.[207]",,,,,,,,,,
12-Dec-11,Removed,GAS,Nicor Gas,"Nicor acquired by AGL, which retained the GAS ticker.[207]",,,,,,,,,,
18-Nov-11,Added,CBE,Cooper Industries,Janus Capital Group's market capitalization is less than $1.2 billion,,,,,,,,,,
18-Nov-11,Removed,JNS,Janus Capital Group,Janus Capital Group's market capitalization is less than $1.2 billion,,,,,,,,,,
31-Oct-11,Added,XYL,Xylem,Spun off from ITT Corp.[209],,,,,,,,,,
31-Oct-11,Removed,ITT,ITT,Spun off from ITT Corp.[209],,,,,,,,,,
14-Oct-11,Added,TEL,TE Connectivity,Acquired by Teva Pharmaceutical Industries (TEVA).[210],,,,,,,,,,
14-Oct-11,Removed,CEPH,Cephalon,Acquired by Teva Pharmaceutical Industries (TEVA).[210],,,,,,,,,,
23-Sep-11,Added,MOS,The Mosaic Company,Acquired by Texas Instruments (TXN).[211],,,,,,,,,,
23-Sep-11,Removed,NSM,National Semiconductor,Acquired by Texas Instruments (TXN).[211],,,,,,,,,,
5-Jul-11,Added,ACN,Accenture,Marshall & Iisley is being bought by Bank of Montreal[212],,,,,,,,,,
5-Jul-11,Removed,MI,Marshall & Ilsley,Marshall & Iisley is being bought by Bank of Montreal[212],,,,,,,,,,
30-Jun-11,Added,MPC,Marathon Oil,Market capitalization adjustments.[213],,,,,,,,,,
30-Jun-11,Removed,RSH,RadioShack,Market capitalization adjustments.[213],,,,,,,,,,
1-Jun-11,Added,ANR,Alpha Natural Resources,Alpha Natural Resources acquired Massey Energy.[214],,,,,,,,,,
1-Jun-11,Removed,MEE,Massey Energy,Alpha Natural Resources acquired Massey Energy.[214],,,,,,,,,,
27-Apr-11,Added,CMG,Chipotle Mexican Grill,Acquired by private equity firms.[215],,,,,,,,,,
27-Apr-11,Removed,NOVL,Novell,Acquired by private equity firms.[215],,,,,,,,,,
1-Apr-11,Added,BLK,BlackRock,Acquired by Sanofi Aventis (SNY)[216],,,,,,,,,,
1-Apr-11,Removed,GENZ,Genzyme,Acquired by Sanofi Aventis (SNY)[216],,,,,,,,,,
31-Mar-11,Added,EW,Edwards Lifesciences,Acquired by CenturyLink[217],,,,,,,,,,
31-Mar-11,Removed,Q,Qwest Communications,Acquired by CenturyLink[217],,,,,,,,,,
28-Feb-11,Added,COV,Covidien,Acquired by Intel[218],,,,,,,,,,
28-Feb-11,Removed,MFE,McAfee,Acquired by Intel[218],,,,,,,,,,
25-Feb-11,Added,JOYG,Joy Global,Acquired by First Energy (FE).[219],,,,,,,,,,
25-Feb-11,Removed,AYE,Allegheny Energy,Acquired by First Energy (FE).[219],,,,,,,,,,
17-Dec-10,Added,CVC,Cablevision,Acquired by Pfizer.[220],,,,,,,,,,
17-Dec-10,Added,FFIV,F5 Networks,Market Cap changes.[220],,,,,,,,,,
17-Dec-10,Added,NFLX,Netflix,Market Cap changes.,,,,,,,,,,
17-Dec-10,Added,NFX,Newfield Exploration,Market Cap changes.,,,,,,,,,,
17-Dec-10,Removed,KG,King Pharmaceuticals,Acquired by Pfizer.[220],,,,,,,,,,
17-Dec-10,Removed,EK,Eastman Kodak,Market Cap changes.[220],,,,,,,,,,
17-Dec-10,Removed,ODP,Office Depot,Market Cap changes.,,,,,,,,,,
17-Dec-10,Removed,NYT,The New York Times Company,Market Cap changes.,,,,,,,,,,
17-Nov-10,Added,IR,Ingersoll-Rand,Reynolds Group Holdings acquired Pactiv.[221],,,,,,,,,,
17-Nov-10,Removed,PTV,Pactiv,Reynolds Group Holdings acquired Pactiv.[221],,,,,,,,,,
26-Aug-10,Added,TYC,Tyco International,Acquired by Schlumberger (SLB)[222],,,,,,,,,,
26-Aug-10,Removed,SII,Smith International,Acquired by Schlumberger (SLB)[222],,,,,,,,,,
14-Jul-10,Added,CB,Chubb,Acquired by Merck KGaA (MKGAY)[223],,,,,,,,,,
14-Jul-10,Removed,MIL,Millipore,Acquired by Merck KGaA (MKGAY)[223],,,,,,,,,,
30-Jun-10,Added,QEP,QEP Resources,"Company split. QEP retained, but ticker changed.[224]",,,,,,,,,,
30-Jun-10,Removed,STR,Questar,"Company split. QEP retained, but ticker changed.[224]",,,,,,,,,,
28-Jun-10,Added,KMX,CarMax,Acquired by ExxonMobil[225],,,,,,,,,,
28-Jun-10,Removed,XTO,XTO Energy,Acquired by ExxonMobil[225],,,,,,,,,,
29-Apr-10,Added,CERN,Cerner,Acquired by Baker Hughes[226],,,,,,,,,,
29-Apr-10,Removed,BJS,BJ Services,Acquired by Baker Hughes[226],,,,,,,,,,
26-Feb-10,Added,HP,Helmerich & Payne,Taken private[227],,,,,,,,,,
26-Feb-10,Removed,RX,IMS Health,Taken private[227],,,,,,,,,,
18-Dec-09,Added,V,Visa,Market capitalization change.[228],,,,,,,,,,
18-Dec-09,Added,MJN,Mead Johnson Nutrition,Market capitalization change.[228],,,,,,,,,,
18-Dec-09,Added,CLF,Cliffs Natural Resources,Market capitalization change.[228],,,,,,,,,,
18-Dec-09,Added,SAI,SAIC,Market capitalization change.[228],,,,,,,,,,
18-Dec-09,Added,ROST,Ross Stores,Market capitalization change.[228],,,,,,,,,,
18-Dec-09,Removed,CIEN,Ciena,Market capitalization change.[228],,,,,,,,,,
18-Dec-09,Removed,DYN,Dynegy,Market capitalization change.[228],,,,,,,,,,
18-Dec-09,Removed,KBH,KB Home,Market capitalization change.[228],,,,,,,,,,
18-Dec-09,Removed,CVG,Convergys,Market capitalization change.[228],,,,,,,,,,
18-Dec-09,Removed,MBI,MBIA,Market capitalization change.[228],,,,,,,,,,
3-Nov-09,Added,PCLN,Priceline.com,Acquired by Merck & Co. (MRK)[229],,,,,,,,,,
3-Nov-09,Removed,SGP,Schering-Plough,Acquired by Merck & Co. (MRK)[229],,,,,,,,,,
28-Sep-09,Added,ARG,Airgas,Redomesticated to Ireland[230],,,,,,,,,,
28-Sep-09,Removed,CBE,Cooper Industries,Redomesticated to Ireland[230],,,,,,,,,,
19-Aug-09,Added,FMC,FMC Corporation,Centex acquired by Pulte Homes.[231],,,,,,,,,,
19-Aug-09,Removed,CTX,Centex Corp.,Centex acquired by Pulte Homes.[231],,,,,,,,,,
29-Jun-09,Added,PCS,MetroPCS,PCS replaced TEL.[232],,,,,,,,,,
25-Jun-09,Removed,TEL,TE Connectivity,"Tyco Electronics left the index because it was reincorporating in Switzerland, making it ineligible for inclusion.[232]",,,,,,,,,,
5-Jun-09,Added,FTI,FMC Technologies,"Covidien moved its place of incorporation to Ireland, making it ineligible for inclusion in the index.[233]",,,,,,,,,,
5-Jun-09,Removed,COV,Covidien,"Covidien moved its place of incorporation to Ireland, making it ineligible for inclusion in the index.[233]",,,,,,,,,,
3-Mar-09,Added,HRL,Hormel Foods,Capitalization rebalance.[234],,,,,,,,,,
3-Mar-09,Added,VTR,Ventas,Capitalization rebalance.,,,,,,,,,,
3-Mar-09,Removed,ACAS,American Capital,Capitalization rebalance.[234],,,,,,,,,,
3-Mar-09,Removed,JNY,Jones Apparel Group,Capitalization rebalance.,,,,,,,,,,
31-Dec-08,Added,OI,Owens-Illinois,Wachovia Bank acquired by Wells Fargo.[235],,,,,,,,,,
31-Dec-08,Removed,WB,Wachovia Bank,Wachovia Bank acquired by Wells Fargo.[235],,,,,,,,,,
16-Sep-08,Added,HRS,Harris Corporation,Lehman Brothers filed for bankruptcy.[236],,,,,,,,,,
16-Sep-08,Removed,LEH,Lehman Brothers,Lehman Brothers filed for bankruptcy.[236],,,,,,,,,,
12-Sep-08,Added,CRM,Salesforce,Capitalization rebalance.[237],,,,,,,,,,
12-Sep-08,Added,FAST,Fastenal,Capitalization rebalance.[237],,,,,,,,,,
12-Sep-08,Removed,FRE,Freddie Mac,Capitalization rebalance.[237],,,,,,,,,,
12-Sep-08,Removed,FNM,Fannie Mae,Capitalization rebalance.[237],,,,,,,,,,
1-Jul-08,Added,AKS,AK Steel,Ak Steel replaced Countrywide Financial.[238],,,,,,,,,,
1-Jul-08,Removed,CFC,Countrywide Financial Corp,Ak Steel replaced Countrywide Financial.[238],,,,,,,,,,
23-Jun-08,Added,COG,Cabot Oil & Gas,Market capitalization change.[239],,,,,,,,,,
23-Jun-08,Added,MEE,Massey Energy,Market capitalization change.[239],,,,,,,,,,
23-Jun-08,Removed,BC,Brunswick,Market capitalization change.[239],,,,,,,,,,
23-Jun-08,Removed,OMX,OfficeMax,Market capitalization change.[239],,,,,,,,,,
10-Jun-08,Added,LO,Lorillard Tobacco Company,Market Value Decline[240],,,,,,,,,,
10-Jun-08,Removed,ABK,Ambac Financial,Market Value Decline[240],,,,,,,,,,
20-Dec-07,Added,RRC,Range Resources,Taken private[241],,,,,,,,,,
20-Dec-07,Removed,TRB,Tribune Media,Taken private[241],,,,,,,,,,
13-Dec-07,Added,GME,GameStop,Acquired by News Corporation[242],,,,,,,,,,
13-Dec-07,Removed,DJ,Dow Jones,Acquired by News Corporation[242],,,,,,,,,,
26-Oct-07,Added,JEC,Jacobs Engineering Group,Taken private[243],,,,,,,,,,
26-Oct-07,Removed,AV,Avaya,Taken private[243],,,,,,,,,,
2-Oct-07,Added,EXPE,Expedia,Solectron acquired by Flextronics.[244],,,,,,,,,,
2-Oct-07,Removed,SLR,Solectron,Solectron acquired by Flextronics.[244],,,,,,,,,,
1-Oct-07,Added,TDC,Teradata,Teradata spun off by NCR Corporation.[244],,,,,,,,,,
1-Oct-07,Removed,NCR,NCR Corporation,Teradata spun off by NCR Corporation.[244],,,,,,,,,,
27-Sep-07,Added,TSO,Tesoro Corporation,MXIM delisted from NASDAQ exchange.[244],,,,,,,,,,
27-Sep-07,Removed,MXIM,Maxim Integrated Products,MXIM delisted from NASDAQ exchange.[244],,,,,,,,,,
26-Sep-07,Added,ICE,Intercontinental Exchange,FDC acquired by KKR.[244],,,,,,,,,,
26-Sep-07,Removed,FDC,First Data,FDC acquired by KKR.[244],,,,,,,,,,
24-Aug-07,Added,LUK,Leucadia National,Acquired by National Grid plc[245],,,,,,,,,,
24-Aug-07,Removed,KSE,KeySpan,Acquired by National Grid plc[245],,,,,,,,,,
2-Jul-07,Added,DFS,Discover Financial Services,Discover Financial Services Debuts On New York Stock Exchange Under Ticker Symbol DFS,,,,,,,,,,
30-Mar-07,Added,KFT,Kraft Foods,Taken Private[246],,,,,,,,,,
30-Mar-07,Removed,TSG,Sabre Corporation,Taken Private[246],,,,,,,,,,
10-Jan-07,Added,AVB,AvalonBay Communities,Acquired by Motorola[247],,,,,,,,,,
10-Jan-07,Removed,SBL,Symbol Technologies,Acquired by Motorola[247],,,,,,,,,,
2-Jun-06,Added,JNPR,Juniper Networks,Albertsons acquired by SuperValu and CVS Corp.[248],,,,,,,,,,
2-Jun-06,Removed,ABS,Albertsons,Albertsons acquired by SuperValu and CVS Corp.[248],,,,,,,,,,
18-Nov-05,Added,AMZN,Amazon,AT&T Corp. acquired by SBC Communications[249],,,,,,,,,,
18-Nov-05,Removed,T,AT&T Corporation,AT&T Corp. acquired by SBC Communications[249],,,,,,,,,,
1-Jul-05,Added,STZ,Constellation Brands,Acquired by Crompton Corp.[250],,,,,,,,,,
1-Jul-05,Removed,GLK,Great Lakes Chemical,Acquired by Crompton Corp.[250],,,,,,,,,,
25-Sep-03,Added,ESRX,Express Scripts,Taken private[251],,,,,,,,,,
25-Sep-03,Removed,QTRN,Quintiles Transnational,Taken private[251],,,,,,,,,,
5-Dec-00,Added,INTU,Intuit,Market Cap changes.[252],,,,,,,,,,
5-Dec-00,Added,SBL,Symbol Technologies,Market Cap changes.,,,,,,,,,,
5-Dec-00,Added,AYE,Allegheny Energy,Market Cap changes.,,,,,,,,,,
5-Dec-00,Added,ABK,Ambac Financial,Market Cap changes.,,,,,,,,,,
5-Dec-00,Removed,BS,Bethlehem Steel,Market Cap changes.[252],,,,,,,,,,
5-Dec-00,Removed,OI,Owens-Illinois,Market Cap changes.,,,,,,,,,,
5-Dec-00,Removed,GRA,WR Grace,Market Cap changes.,,,,,,,,,,
5-Dec-00,Removed,CCK,Crown Holdings,Market Cap changes.,,,,,,,,,,
27-Jul-00,Added,JDSU,JDS Uniphase,Market Cap change.[253],,,,,,,,,,
27-Jul-00,Removed,RAD,RiteAid,Market Cap change.[253],,,,,,,,,,
12-Jun-00,Added,CVG,Convergys,Tribune Co. acquired Times Mirror.[254],,,,,,,,,,
12-Jun-00,Removed,TMC,Times Mirror,Tribune Co. acquired Times Mirror.[254],,,,,,,,,,
7-Jun-00,Added,SBUX,Starbucks,Siemens AG acquired Shared Medical Systems.[254],,,,,,,,,,
7-Jun-00,Removed,SMS,Shared Medical Systems,Siemens AG acquired Shared Medical Systems.[254],,,,,,,,,,
7-Dec-99,Added,YHOO,Yahoo!,Market capitalization change.[255],,,,,,,,,,
7-Dec-99,Removed,LDW,Laidlaw,Market capitalization change.[255],,,,,,,,,,
9-Jun-99,Added,WLP,Wellpoint,Harnischfeger filed for bankruptcy.[256],,,,,,,,,,
9-Jun-99,Removed,HPH,Harnischfeger Industries,Harnischfeger filed for bankruptcy.[256],,,,,,,,,,
11-Dec-98,Added,FSR,Firstar,BP purchased Amoco.[257],,,,,,,,,,
11-Dec-98,Added,CCL,Carnival Corp.,Berkshire Hathaway purchased General Re.[257],,,,,,,,,,
11-Dec-98,Added,CPWR,Compuware,AIG purchased SunAmerica.[257],,,,,,,,,,
11-Dec-98,Removed,LDW,Amoco,BP purchased Amoco.[257],,,,,,,,,,
11-Dec-98,Removed,GRN,General Re,Berkshire Hathaway purchased General Re.[257],,,,,,,,,,
11-Dec-98,Removed,SUN,SunAmerica,AIG purchased SunAmerica.[257],,,,,,,,,,
17-Jun-97,Added,CCI,Countrywide Credit Industries,AIG acquired USLife.[258],,,,,,,,,,
17-Jun-97,Removed,USL,USLife,AIG acquired USLife.[258],,,,,,,,,,
