Date,Action,Symbol,Company,Reason
22-Jun-26,Added,MRVL,Marvell Technology,Market capitalization change.[6]
22-Jun-26,Removed,POOL,Pool Corporation,Market capitalization change.[6]
22-Jun-26,Added,FLEX,Flex,Market capitalization change.[6]
22-Jun-26,Removed,CPB,Campbell's,Market capitalization change.[6]
02-Jun-26,Removed,EPAM,EPAM Systems,Market capitalization change.[7]
01-Jun-26,Added,FDXF,FedEx Freight,S&P 500 & 100 constituent FedEx Corp.spun off FedEx Freight Holding.[7]
07-May-26,Added,VEEV,Veeva Systems,S&P 500 constituent Devon Energy Corp. acquired Coterra Energy. [8][9]
07-May-26,Removed,CTRA,Coterra Energy,S&P 500 constituent Devon Energy Corp. acquired Coterra Energy. [8][9]
09-Apr-26,Added,CASY,Casey's,Blackstone Inc. and TPG Inc. acquired Hologic.[10]
09-Apr-26,Removed,HOLX,Hologic,Blackstone Inc. and TPG Inc. acquired Hologic.[10]
23-Mar-26,Added,VRT,Vertiv,Market capitalization change.[11]
23-Mar-26,Removed,MTCH,Match Group,Market capitalization change.[11]
23-Mar-26,Added,LITE,Lumentum,Market capitalization change.[11]
23-Mar-26,Removed,MOH,Molina Healthcare,Market capitalization change.[11]
23-Mar-26,Added,COHR,Coherent Corp.,Market capitalization change.[11]
23-Mar-26,Removed,LW,Lamb Weston,Market capitalization change.[11]
23-Mar-26,Added,SATS,EchoStar,Market capitalization change.[11]
23-Mar-26,Removed,PAYC,Paycom,Market capitalization change.[11]
09-Feb-26,Added,CIEN,Ciena,Thoma Bravo L.P. acquired Dayforce.[12]
09-Feb-26,Removed,DAY,Dayforce,Thoma Bravo L.P. acquired Dayforce.[12]
22-Dec-25,Added,CVNA,Carvana,Market capitalization change.[13]
22-Dec-25,Removed,SOLS,Solstice Advanced Materials,Market capitalization change.[13]
22-Dec-25,Added,FIX,Comfort Systems USA,Market capitalization change.[13]
22-Dec-25,Removed,MHK,Mohawk Industries,Market capitalization change.[13]
22-Dec-25,Added,CRH,CRH,Market capitalization change.[13]
22-Dec-25,Removed,LKQ,LKQ Corporation,Market capitalization change.[13]
11-Dec-25,Added,ARES,Ares Management,Mars Inc. acquired Kellanova.[14]
11-Dec-25,Removed,K,Kellanova,Mars Inc. acquired Kellanova.[14]
28-Nov-25,Added,SNDK,Sandisk,S&P 500 constituent Omnicom Group Inc. acquired (The) Interpublic Group.[15][16]
28-Nov-25,Removed,IPG,Interpublic Group,S&P 500 constituent Omnicom Group Inc. acquired (The) Interpublic Group.[15][16]
04-Nov-25,Removed,EMN,Eastman Chemical Co.,Market capitalization change.[17]
03-Nov-25,Added,Q,Qnity Electronics,"S&P 500 constituent Dupont de Nemours, Inc. spun off Qnity Electronics.[17]"
31-Oct-25,Removed,KMX,CarMax,Market capitalization change.[17]
30-Oct-25,Added,SOLS,Solstice Advanced Materials,S&P 500 and S&P 100 constituent Honeywell International Inc. spun off Solstice Advanced Materials.[17]
22-Sep-25,Added,EME,Emcor,Market capitalization change.[18]
22-Sep-25,Removed,ENPH,Enphase Energy,Market capitalization change.[18]
22-Sep-25,Added,HOOD,Robinhood Markets,Market capitalization change.[18]
22-Sep-25,Removed,CZR,Caesars Entertainment,Market capitalization change.[18]
22-Sep-25,Added,APP,AppLovin,Market capitalization change.[18]
22-Sep-25,Removed,MKTX,MarketAxess,Market capitalization change.[18]
28-Aug-25,Added,IBKR,Interactive Brokers,Sycamore Partners acquired Walgreen Boots Alliance.[19]
28-Aug-25,Removed,WBA,Walgreens Boots Alliance,Sycamore Partners acquired Walgreen Boots Alliance.[19]
23-Jul-25,Added,XYZ,"Block, Inc.",S&P 500 and S&P 100 constituent Chevron Corp. acquired Hess Corporation[20]
23-Jul-25,Removed,HES,Hess Corporation,S&P 500 and S&P 100 constituent Chevron Corp. acquired Hess Corporation[20]
18-Jul-25,Added,TTD,Trade Desk (The),S&P 500 constituent Synopsys Inc. acquired Ansys.[21]
18-Jul-25,Removed,ANSS,Ansys,S&P 500 constituent Synopsys Inc. acquired Ansys.[21]
09-Jul-25,Added,DDOG,Datadog,S&P 500 constituent Hewlett Packard Enterprise Co. acquired Juniper Networks.[22]
09-Jul-25,Removed,JNPR,Juniper Networks,S&P 500 constituent Hewlett Packard Enterprise Co. acquired Juniper Networks.[22]
19-May-25,Added,COIN,Coinbase,S&P 500 constituent Capital One Financial Corp. acquired Discover Financial Services.[23]
19-May-25,Removed,DFS,Discover Financial,S&P 500 constituent Capital One Financial Corp. acquired Discover Financial Services.[23]
24-Mar-25,Added,DASH,DoorDash,Market capitalization change.[24]
24-Mar-25,Removed,BWA,BorgWarner,Market capitalization change.[24]
24-Mar-25,Added,TKO,TKO Group Holdings,Market capitalization change.[24]
24-Mar-25,Removed,TFX,Teleflex,Market capitalization change.[24]
24-Mar-25,Added,WSM,"Williams-Sonoma, Inc.",Market capitalization change.[24]
24-Mar-25,Removed,CE,Celanese,Market capitalization change.[24]
24-Mar-25,Added,EXE,Expand Energy,Market capitalization change.[24]
24-Mar-25,Removed,FMC,FMC Corporation,Market capitalization change.[24]
23-Dec-24,Added,APO,Apollo Global Management,Market capitalization change.[25]
23-Dec-24,Removed,QRVO,Qorvo,Market capitalization change.[25]
23-Dec-24,Added,WDAY,"Workday, Inc.",Market capitalization change.[25]
23-Dec-24,Removed,AMTM,Amentum,Market capitalization change.[25]
23-Dec-24,Added,LII,Lennox International,Novo Holdings A/S acquired Catalent.[26]
23-Dec-24,Removed,CTLT,Catalent,Novo Holdings A/S acquired Catalent.[26]
26-Nov-24,Added,TPL,Texas Pacific Land Corporation,S&P 500 & 100 constituent ConocoPhillips acquired Marathon Oil.[27]
26-Nov-24,Removed,MRO,Marathon Oil,S&P 500 & 100 constituent ConocoPhillips acquired Marathon Oil.[27]
01-Oct-24,Removed,BBWI,"Bath & Body Works, Inc.",Market capitalization change.[28]
30-Sep-24,Added,AMTM,Amentum,"S&P 500 constituent Jacobs Solutions spun off its Critical Mission Solutions and Cyber Intelligence business, which merged with private Amentum to create newly publicly traded Amentum Holdings.[28]"
23-Sep-24,Added,ERIE,Erie Indemnity,Market capitalization change.[29]
23-Sep-24,Removed,BIO,Bio-Rad Laboratories,Market capitalization change.[29]
23-Sep-24,Added,PLTR,Palantir Technologies,Market capitalization change.[29]
23-Sep-24,Removed,AAL,American Airlines Group,Market capitalization change.[29]
23-Sep-24,Added,DELL,Dell Technologies,Market capitalization change.[29]
23-Sep-24,Removed,ETSY,Etsy,Market capitalization change.[29]
24-Jun-24,Added,KKR,KKR,Market capitalization change.[30]
24-Jun-24,Removed,RHI,Robert Half,Market capitalization change.[30]
24-Jun-24,Added,CRWD,CrowdStrike,Market capitalization change.[30]
24-Jun-24,Removed,CMA,Comerica,Market capitalization change.[30]
24-Jun-24,Added,GDDY,GoDaddy,Market capitalization change.[30]
24-Jun-24,Removed,ILMN,"Illumina, Inc.",Market capitalization change.[30]
08-May-24,Added,VST,Vistra,S&P 500 and S&P 100 constituent ExxonMobil acquired Pioneer Natural Resources.[31]
08-May-24,Removed,PXD,Pioneer Natural Resources,S&P 500 and S&P 100 constituent ExxonMobil acquired Pioneer Natural Resources.[31]
03-Apr-24,Removed,XRAY,Dentsply Sirona,Market capitalization change.[32]
03-Apr-24,Removed,VFC,VF Corporation,Market capitalization change.[32]
02-Apr-24,Added,GEV,GE Vernova,S&P 500 and 100 constituent General Electric Corp. spun off GE Vernova.[32]
01-Apr-24,Added,SOLV,Solventum,S&P 500 and 100 constituent 3M Co. spun off Solventum.[32]
18-Mar-24,Added,DECK,Deckers Brands,Market capitalization change.[33]
18-Mar-24,Removed,ZION,Zions Bancorporation,Market capitalization change.[33]
18-Mar-24,Added,SMCI,Supermicro,Market capitalization change.[33]
18-Mar-24,Removed,WHR,Whirlpool Corporation,Market capitalization change.[33]
18-Dec-23,Added,UBER,Uber,Market capitalization change.[34]
18-Dec-23,Removed,SEE,Sealed Air,Market capitalization change.[34]
18-Dec-23,Added,JBL,Jabil,Market capitalization change.[34]
18-Dec-23,Removed,ALK,Alaska Air Group,Market capitalization change.[34]
18-Dec-23,Added,BLDR,Builders FirstSource,Market capitalization change.[34]
18-Dec-23,Removed,SEDG,SolarEdge,Market capitalization change.[34]
18-Oct-23,Added,HUBB,Hubbell,Market capitalization change.[35]
18-Oct-23,Removed,OGN,Organon & Co.,Market capitalization change.[35]
18-Oct-23,Added,LULU,Lululemon Athletica,S&P 500 and S&P 100 constituent Microsoft acquired Activision Blizzard.[35]
18-Oct-23,Removed,ATVI,Activision Blizzard,S&P 500 and S&P 100 constituent Microsoft acquired Activision Blizzard.[35]
03-Oct-23,Removed,DXC,DXC Technology,Market capitalization change.[36]
02-Oct-23,Added,VLTO,Veralto,S&P 500 and S&P 100 constituent Danaher Corporation spun off Veralto.[36]
18-Sep-23,Added,BX,Blackstone,Market capitalization change.[37]
18-Sep-23,Removed,LNC,Lincoln National Corporation,Market capitalization change.[37]
18-Sep-23,Added,ABNB,Airbnb,Market capitalization change.[37]
18-Sep-23,Removed,NWL,Newell Brands,Market capitalization change.[37]
25-Aug-23,Added,KVUE,Kenvue,S&P 500 and S&P 100 constituent Johnson & Johnson offered to exchange the shares of Kenvue held for shares of Johnson & Johnson in a split-off exchange offer.[38]
25-Aug-23,Removed,AAP,Advance Auto Parts,S&P 500 and S&P 100 constituent Johnson & Johnson offered to exchange the shares of Kenvue held for shares of Johnson & Johnson in a split-off exchange offer.[38]
20-Jun-23,Added,PANW,Palo Alto Networks,Market capitalization change.[39]
20-Jun-23,Removed,DISH,Dish Network,Market capitalization change.[39]
04-May-23,Added,AXON,Axon Enterprise,The Federal Deposit Insurance Corporation (FDIC) placed First Republic Bank into FDIC Receivership.[40]
04-May-23,Removed,FRC,First Republic Bank,The Federal Deposit Insurance Corporation (FDIC) placed First Republic Bank into FDIC Receivership.[40]
20-Mar-23,Added,FICO,Fair Isaac,Market capitalization change.[41]
20-Mar-23,Removed,LUMN,Lumen Technologies,Market capitalization change.[41]
15-Mar-23,Added,BG,Bunge Global,The FDIC placed Signature Bank into FDIC Receivership.[42]
15-Mar-23,Removed,SBNY,Signature Bank,The FDIC placed Signature Bank into FDIC Receivership.[42]
15-Mar-23,Added,PODD,Insulet,"The FDIC placed SVB's main subsidiary, Silicon Valley Bank, into receivership.[43]"
15-Mar-23,Removed,SIVB,SVB Financial Group,"The FDIC placed SVB's main subsidiary, Silicon Valley Bank, into receivership.[43]"
05-Jan-23,Removed,VNO,Vornado Realty Trust,Market capitalization change.[44]
04-Jan-23,Added,GEHC,GE HealthCare,S&P 500 constituent General Electric spun off GE HealthCare.[44]
22-Dec-22,Added,STLD,Steel Dynamics,S&P 500 constituent Johnson & Johnson acquired Abiomed.[45]
22-Dec-22,Removed,ABMD,Abiomed,S&P 500 constituent Johnson & Johnson acquired Abiomed.[45]
19-Dec-22,Added,FSLR,First Solar,Market capitalization change.[46]
19-Dec-22,Removed,FBHS,Fortune Brands Home & Security,Market capitalization change.[46]
19-Dec-22,Removed,MBC,MasterBrand,Market capitalization change.[46]
15-Dec-22,Added,MBC,MasterBrand,S&P 500 constituent Fortune Brands Home & Security spun off MasterBrand.[46]
01-Nov-22,Added,ACGL,Arch Capital Group,Elon Musk acquired Twitter.[47]
01-Nov-22,Removed,TWTR,Twitter,Elon Musk acquired Twitter.[47]
12-Oct-22,Added,TRGP,Targa Resources,Elliot Management Corp acquired Nielsen Holdings.[48]
12-Oct-22,Removed,NLSN,Nielsen Holdings,Elliot Management Corp acquired Nielsen Holdings.[48]
03-Oct-22,Added,EQT,EQT Corporation,S&P 500 constituent Prologis Inc. acquired Duke Realty.[49]
03-Oct-22,Removed,DRE,Duke Realty,S&P 500 constituent Prologis Inc. acquired Duke Realty.[49]
03-Oct-22,Added,PCG,PG&E,Vista Equity Partners acquired Citrix Systems.[49]
03-Oct-22,Removed,CTXS,Citrix Systems,Vista Equity Partners acquired Citrix Systems.[49]
19-Sep-22,Added,CSGP,CoStar Group,Market capitalization change.[50]
19-Sep-22,Removed,PVH,PVH,Market capitalization change.[50]
19-Sep-22,Added,INVH,Invitation Homes,Market capitalization change.[50]
19-Sep-22,Removed,PENN,Penn Entertainment,Market capitalization change.[50]
21-Jun-22,Removed,UA,Under Armour (Class C),Market capitalization change.[51]
21-Jun-22,Added,KDP,Keurig Dr Pepper,Market capitalization change.[51]
21-Jun-22,Removed,UAA,Under Armour (Class A),Market capitalization change.[51]
21-Jun-22,Added,ON,ON Semiconductor,Market capitalization change.[51]
21-Jun-22,Removed,IPGP,IPG Photonics,Market capitalization change.[51]
08-Jun-22,Added,VICI,Vici Properties,S&P 500 constituent Oracle Corp. acquired Cerner.[51]
08-Jun-22,Removed,CERN,Cerner,S&P 500 constituent Oracle Corp. acquired Cerner.[51]
11-Apr-22,Added,WBD,Warner Bros. Discovery,WarnerMedia and Discovery merge to create Warner Bros. Discovery.[52]
11-Apr-22,Removed,DISCA,"Discovery, Inc.",WarnerMedia and Discovery merge to create Warner Bros. Discovery.[52]
11-Apr-22,Removed,DISCK,"Discovery, Inc.",WarnerMedia and Discovery merge to create Warner Bros. Discovery.[52]
04-Apr-22,Added,CPT,Camden Property Trust,S&P 500 constituent M&T Bank Corp. acquired People's United Financial.[53]
04-Apr-22,Removed,PBCT,People's United Financial,S&P 500 constituent M&T Bank Corp. acquired People's United Financial.[53]
02-Mar-22,Added,MOH,Molina Healthcare,S&P 500 constituent S&P Global Inc. acquired IHS Markit.[54]
02-Mar-22,Removed,INFO,IHS Markit,S&P 500 constituent S&P Global Inc. acquired IHS Markit.[54]
15-Feb-22,Added,NDSN,Nordson Corporation,S&P 500 constituent Advanced Micro Devices acquired Xilinx.[55]
15-Feb-22,Removed,XLNX,Xilinx,S&P 500 constituent Advanced Micro Devices acquired Xilinx.[55]
03-Feb-22,Removed,GPS,Gap,Market capitalization change.[56]
02-Feb-22,Added,CEG,Constellation Energy,S&P 500 and 100 constituent Exelon Corp. spun off Constellation Energy.[56]
20-Dec-21,Added,SBNY,Signature Bank,Market capitalization change.[57]
20-Dec-21,Removed,LEG,Leggett & Platt,Market capitalization change.[57]
20-Dec-21,Added,SEDG,SolarEdge,Market capitalization change.[57]
20-Dec-21,Removed,HBI,Hanesbrands,Market capitalization change.[57]
20-Dec-21,Added,FDS,FactSet,Market capitalization change.[57]
20-Dec-21,Removed,WU,Western Union,Market capitalization change.[57]
14-Dec-21,Added,EPAM,EPAM Systems,Canadian Pacific acquired Kansas City Southern.[58]
14-Dec-21,Removed,KSU,Kansas City Southern,Canadian Pacific acquired Kansas City Southern.[58]
20-Sep-21,Added,MTCH,Match Group,Market capitalization change.[59]
20-Sep-21,Removed,PRGO,Perrigo,Market capitalization change.[59]
20-Sep-21,Added,CDAY,Ceridian,Market capitalization change.[59]
20-Sep-21,Removed,UNM,Unum,Market capitalization change.[59]
20-Sep-21,Added,BRO,Brown & Brown,Market capitalization change.[59]
20-Sep-21,Removed,NOV,Nov,Market capitalization change.[59]
30-Aug-21,Added,TECH,Bio-Techne,S&P 500 constituent Analog Devices acquired Maxim Integrated Products.[60]
30-Aug-21,Removed,MXIM,Maxim Integrated,S&P 500 constituent Analog Devices acquired Maxim Integrated Products.[60]
21-Jul-21,Added,MRNA,Moderna,AstraZeneca acquired Alexion Pharmaceuticals.[61]
21-Jul-21,Removed,ALXN,Alexion Pharmaceuticals,AstraZeneca acquired Alexion Pharmaceuticals.[61]
04-Jun-21,Removed,HFC,HollyFrontier,Market capitalization change.[56]
03-Jun-21,Added,OGN,Organon & Co.,S&P 500/100 constituent Merck & Co. spun off Organon.[56]
14-May-21,Added,CRL,Charles River Laboratories,S&P 500 constituent Teledyne Technologies acquired FLIR Systems.[62]
14-May-21,Removed,FLIR,FLIR Systems,S&P 500 constituent Teledyne Technologies acquired FLIR Systems.[62]
20-Apr-21,Added,PTC,PTC,Siemens Healthineers acquired Varian Medical Systems.[63]
20-Apr-21,Removed,VAR,Varian Medical Systems,Siemens Healthineers acquired Varian Medical Systems.[63]
22-Mar-21,Added,NXPI,NXP,Market capitalization change.[64]
22-Mar-21,Removed,FLS,Flowserve,Market capitalization change.[64]
22-Mar-21,Added,PENN,Penn National Gaming,Market capitalization change.[64]
22-Mar-21,Removed,SLG,SL Green Realty,Market capitalization change.[64]
22-Mar-21,Added,GNRC,Generac Holdings,Market capitalization change.[64]
22-Mar-21,Removed,XRX,Xerox,Market capitalization change.[64]
22-Mar-21,Added,CZR,Caesars Entertainment,Market capitalization change.[64]
22-Mar-21,Removed,VNT,Vontier,Market capitalization change.[64]
12-Feb-21,Added,MPWR,Monolithic Power Systems,TechnipFMC was removed from the S&P 500 in anticipation of its announced spin-off of Technip Energies.[65]
12-Feb-21,Removed,FTI,TechnipFMC,TechnipFMC was removed from the S&P 500 in anticipation of its announced spin-off of Technip Energies.[65]
21-Jan-21,Added,TRMB,Trimble,S&P 500/100 constituent ConocoPhillips acquired Concho Resources.[66]
21-Jan-21,Removed,CXO,Concho Resources,S&P 500/100 constituent ConocoPhillips acquired Concho Resources.[66]
07-Jan-21,Added,ENPH,Enphase Energy,LVMH Moet Hennessy-Louis Vuitton SE acquired Tiffany & Co.[67]
07-Jan-21,Removed,TIF,Tiffany & Co,LVMH Moet Hennessy-Louis Vuitton SE acquired Tiffany & Co.[67]
21-Dec-20,Added,TSLA,Tesla,Apartment Investment and Management (Aimco) spun off Apartment Income REIT.[68]
21-Dec-20,Removed,AIV,Apartment Investment & Management,Apartment Investment and Management (Aimco) spun off Apartment Income REIT.[68]
12-Oct-20,Removed,NBL,Noble Energy,Chevron acquired Noble Energy.[69]
09-Oct-20,Added,VNT,Vontier,S&P 500 constituent Fortive spun off Vontier.[69]
07-Oct-20,Added,POOL,Pool Corporation,Morgan Stanley acquired E*Trade.[70]
07-Oct-20,Removed,ETFC,E-Trade,Morgan Stanley acquired E*Trade.[70]
21-Sep-20,Added,TER,Teradyne,Market capitalization change.[71]
21-Sep-20,Removed,COTY,Coty,Market capitalization change.[71]
21-Sep-20,Added,CTLT,Catalent,Market capitalization change.[71]
21-Sep-20,Removed,KSS,Kohl's,Market capitalization change.[71]
21-Sep-20,Added,ETSY,Etsy,Market capitalization change.[71]
21-Sep-20,Removed,HRB,H&R Block,Market capitalization change.[71]
22-Jun-20,Added,BIO,Bio-Rad Laboratories,Market capitalization change.[72]
22-Jun-20,Removed,ADS,Alliance Data Systems,Market capitalization change.[72]
22-Jun-20,Added,TDY,Teledyne,Market capitalization change.[72]
22-Jun-20,Removed,HOG,Harley-Davidson,Market capitalization change.[72]
22-Jun-20,Added,TYL,Tyler Technologies,Market capitalization change.[72]
22-Jun-20,Removed,JWN,Nordstrom,Market capitalization change.[72]
22-May-20,Added,WST,West Pharmaceutical Services,Market capitalization change.[73]
22-May-20,Removed,HP,Helmerich & Payne,Market capitalization change.[73]
12-May-20,Added,DPZ,Domino's Pizza,Market capitalization change.[74]
12-May-20,Removed,CPRI,Capri Holdings,Market capitalization change.[74]
12-May-20,Added,DXCM,Dexcom,Allergan acquired by AbbVie.[74]
12-May-20,Removed,AGN,Allergan,Allergan acquired by AbbVie.[74]
06-Apr-20,Removed,M,Macy's,Market capitalization change.[75]
06-Apr-20,Removed,RTN,Raytheon Company,United Technologies spun off Otis and Carrier and acquired Raytheon Company.[75]
03-Apr-20,Added,CARR,Carrier,United Technologies spun off Otis and Carrier and acquired Raytheon Company.[75]
03-Apr-20,Added,OTIS,Otis Worldwide,United Technologies spun off Otis and Carrier and acquired Raytheon Company.[75]
01-Apr-20,Added,HWM,Howmet Aerospace,Arconic separated into 2 companies - Howmet remained on the index.[76]
01-Apr-20,Removed,ARNC,Arconic,Arconic separated into 2 companies - Howmet remained on the index.[76]
02-Mar-20,Added,IR,Ingersoll Rand,"Gardner Denver acquired Ingersoll Rand's industrial businesses then changed its name to the ""new"" Ingersoll Rand Inc.[77][78]"
02-Mar-20,Removed,XEC,Cimarex Energy,"Gardner Denver acquired Ingersoll Rand's industrial businesses then changed its name to the ""new"" Ingersoll Rand Inc.[77][78]"
28-Jan-20,Added,PAYC,Paycom,S&P 500 constituent Centene Corp. (NYSE: CNC) acquired Wellcare Health Plans.[79]
28-Jan-20,Removed,WCG,WellCare,S&P 500 constituent Centene Corp. (NYSE: CNC) acquired Wellcare Health Plans.[79]
23-Dec-19,Added,LYV,Live Nation Entertainment,Market capitalization change.[80]
23-Dec-19,Removed,AMG,Affiliated Managers Group,Market capitalization change.[80]
23-Dec-19,Added,ZBRA,Zebra Technologies,Market capitalization change.[80]
23-Dec-19,Removed,TRIP,TripAdvisor,Market capitalization change.[80]
23-Dec-19,Added,STE,Steris,Market capitalization change.[80]
23-Dec-19,Removed,MAC,Macerich,Market capitalization change.[80]
09-Dec-19,Added,ODFL,Old Dominion Freight Line,BB&T acquired SunTrust to form Truist Financial.[81]
09-Dec-19,Removed,STI,SunTrust Banks,BB&T acquired SunTrust to form Truist Financial.[81]
05-Dec-19,Added,WRB,W. R. Berkley Corporation,CBS acquired Viacom to form ViacomCBS.[82]
05-Dec-19,Removed,VIAB,Viacom,CBS acquired Viacom to form ViacomCBS.[82]
21-Nov-19,Added,NOW,ServiceNow,Bristol-Myers Squibb (NYSE:BMY) acquired Celgene.[83]
21-Nov-19,Removed,CELG,Celgene,Bristol-Myers Squibb (NYSE:BMY) acquired Celgene.[83]
03-Oct-19,Added,LVS,Las Vegas Sands,Market capitalization change.[84]
03-Oct-19,Removed,NKTR,Nektar Therapeutics,Market capitalization change.[84]
26-Sep-19,Added,NVR,NVR,JEF spun off SPB.[85]
26-Sep-19,Removed,JEF,Jefferies Financial Group,JEF spun off SPB.[85]
23-Sep-19,Added,CDW,CDW Corporation,S&P 500 constituent Global Payments (NYSE: GPN) acquired TSS.[86]
23-Sep-19,Removed,TSS,TSYS,S&P 500 constituent Global Payments (NYSE: GPN) acquired TSS.[86]
09-Aug-19,Added,LDOS,Leidos,S&P 500 & 100 constituent Occidental Petroleum Corp. (NYSE:OXY) acquired Anadarko Petroleum.[87]
09-Aug-19,Removed,APC,Anadarko Petroleum,S&P 500 & 100 constituent Occidental Petroleum Corp. (NYSE:OXY) acquired Anadarko Petroleum.[87]
09-Aug-19,Added,IEX,IDEX Corporation,Market capitalization change.[87]
09-Aug-19,Removed,FL,Foot Locker,Market capitalization change.[87]
15-Jul-19,Added,TMUS,T-Mobile US,S&P 500 & 100 constituent IBM acquired Red Hat.[88]
15-Jul-19,Removed,RHT,Red Hat,S&P 500 & 100 constituent IBM acquired Red Hat.[88]
01-Jul-19,Added,MKTX,MarketAxess,L3 purchased by Harris Corporation[89]
01-Jul-19,Removed,LLL,L3 Technologies,L3 purchased by Harris Corporation[89]
11-Jun-19,Added,AMCR,Amcor,BMS changed to AMCR post merger with Amcor;[90] subsequently renamed to Amcor[91]
11-Jun-19,Removed,BMS,Bemis,BMS changed to AMCR post merger with Amcor;[90] subsequently renamed to Amcor[91]
07-Jun-19,Added,BMS,Bemis,Pending merger of Bemis and Amcor; Bemis treated as the surviving entity.[91]
07-Jun-19,Removed,MAT,Mattel,Pending merger of Bemis and Amcor; Bemis treated as the surviving entity.[91]
03-Jun-19,Added,DD,DuPont,DWDP changed to DD after spinning off Corteva.[92]
03-Jun-19,Removed,DWDP,DuPont,DWDP changed to DD after spinning off Corteva.[92]
03-Jun-19,Added,CTVA,Corteva,CTVA spun off from DWDP (which then changed symbol to DD)[92]
03-Jun-19,Removed,FLR,Fluor Corporation,CTVA spun off from DWDP (which then changed symbol to DD)[92]
02-Apr-19,Added,DOW,Dow,DOW spun off from DWDP[93]
02-Apr-19,Removed,BHF,Brighthouse Financial,DOW spun off from DWDP[93]
19-Mar-19,Added,FOXA,Fox Corporation,21st Century Fox merged with Disney and some parts spun off as Fox Corporation.[94]
19-Mar-19,Removed,FOXA,21st Century Fox,21st Century Fox merged with Disney and some parts spun off as Fox Corporation.[94]
19-Mar-19,Added,FOX,Fox Corporation,21st Century Fox merged with Disney and some parts spun off as Fox Corporation.[94]
19-Mar-19,Removed,FOX,21st Century Fox,21st Century Fox merged with Disney and some parts spun off as Fox Corporation.[94]
27-Feb-19,Added,WAB,Wabtec,WAB acquired GE transportation business[95]
27-Feb-19,Removed,GT,The Goodyear Tire & Rubber Company,WAB acquired GE transportation business[95]
15-Feb-19,Added,ATO,Atmos Energy,ECA acquired NFX[96]
15-Feb-19,Removed,NFX,Newfield Exploration,ECA acquired NFX[96]
18-Jan-19,Added,TFX,Teleflex,PCG filed for bankruptcy[97]
18-Jan-19,Removed,PCG,Pacific Gas & Electric Company,PCG filed for bankruptcy[97]
02-Jan-19,Added,FRC,First Republic Bank,Dominion Energy acquired SCANA Corporation[98]
02-Jan-19,Removed,SCG,SCANA,Dominion Energy acquired SCANA Corporation[98]
24-Dec-18,Added,CE,Celanese,S&P 500 constituent Cigna (NYSE: CI) acquired ESRX[99]
24-Dec-18,Removed,ESRX,Express Scripts,S&P 500 constituent Cigna (NYSE: CI) acquired ESRX[99]
03-Dec-18,Added,LW,Lamb Weston,UTX acquired COL[100]
03-Dec-18,Removed,COL,Rockwell Collins,UTX acquired COL[100]
03-Dec-18,Added,MXIM,Maxim Integrated,CVS acquired Aetna[100]
03-Dec-18,Removed,AET,Aetna,CVS acquired Aetna[100]
03-Dec-18,Added,FANG,Diamondback Energy,Market Capitalization change[100]
03-Dec-18,Removed,SRCL,Stericycle,Market Capitalization change[100]
13-Nov-18,Added,JKHY,Jack Henry & Associates,EQT spun off ETRN[101]
13-Nov-18,Removed,EQT,EQT Corporation,EQT spun off ETRN[101]
06-Nov-18,Added,KEYS,Keysight,CA acquired by Broadcom.[102]
06-Nov-18,Removed,CA,CA Technologies,CA acquired by Broadcom.[102]
11-Oct-18,Added,FTNT,Fortinet,EVHC acquired by KKR.[103]
11-Oct-18,Removed,EVHC,Envision Healthcare,EVHC acquired by KKR.[103]
01-Oct-18,Added,ROL,Rollins,ANDV acquired by Marathon Petroleum.[104]
01-Oct-18,Removed,ANDV,Andeavor,ANDV acquired by Marathon Petroleum.[104]
14-Sep-18,Added,WCG,WellCare,XL acquired by Axa.[105]
14-Sep-18,Removed,XL,XL Group,XL acquired by Axa.[105]
28-Aug-18,Added,ANET,Arista Networks,GGP acquired by Brookfield Property Partners.[106]
28-Aug-18,Removed,GGP,GGP,GGP acquired by Brookfield Property Partners.[106]
02-Jul-18,Added,CPRT,Copart,DPS acquired by Keurig Green Mountain.[107]
02-Jul-18,Removed,DPS,Dr Pepper Snapple Group,DPS acquired by Keurig Green Mountain.[107]
20-Jun-18,Added,FLT,FleetCor Technologies,AT&T acquired Time Warner.[108]
20-Jun-18,Removed,TWX,Time Warner,AT&T acquired Time Warner.[108]
18-Jun-18,Added,BR,Broadridge Financial Solutions,Market capitalization change.[109]
18-Jun-18,Removed,RRC,Range Resources,Market capitalization change.[109]
18-Jun-18,Added,HFC,HollyFrontier,Market capitalization change.[109]
18-Jun-18,Removed,AYI,Acuity Brands,Market capitalization change.[109]
07-Jun-18,Added,TWTR,Twitter,Bayer acquired Monsanto.[110]
07-Jun-18,Removed,MON,Monsanto,Bayer acquired Monsanto.[110]
05-Jun-18,Added,EVRG,Evergy,Westar Energy (NYSE: WR) acquired Great Plains Energy (NYSE: GXP) and changed name to Evergy.[111]
05-Jun-18,Removed,NAVI,Navient,Westar Energy (NYSE: WR) acquired Great Plains Energy (NYSE: GXP) and changed name to Evergy.[111]
31-May-18,Added,ABMD,Abiomed,Wyndham Worldwide spun off Wyndham Hotels & Resorts (NYSE:WH).[112]
31-May-18,Removed,WYN,Wyndham Worldwide,Wyndham Worldwide spun off Wyndham Hotels & Resorts (NYSE:WH).[112]
04-Apr-18,Added,MSCI,MSCI,S&P 500 constituent General Dynamics (NYSE: GD) acquired CSRA.[113]
04-Apr-18,Removed,CSRA,CSRA,S&P 500 constituent General Dynamics (NYSE: GD) acquired CSRA.[113]
19-Mar-18,Added,TTWO,Take-Two Interactive,Market capitalization change.[114]
19-Mar-18,Removed,SIG,Signet Jewelers,Market capitalization change.[114]
19-Mar-18,Added,SIVB,SVB Financial Group,Market capitalization change.[114]
19-Mar-18,Removed,PDCO,Patterson Companies,Market capitalization change.[114]
19-Mar-18,Added,NKTR,Nektar Therapeutics,Market capitalization change.[114]
19-Mar-18,Removed,CHK,Chesapeake Energy,Market capitalization change.[114]
07-Mar-18,Added,IPGP,IPG Photonics,Discovery Communications acquired SNI.[115]
07-Mar-18,Removed,SNI,Scripps Networks Interactive,Discovery Communications acquired SNI.[115]
03-Jan-18,Added,HII,Huntington Ingalls Industries,Becton Dickinson acquired BCR.[116]
03-Jan-18,Removed,BCR,CR Bard,Becton Dickinson acquired BCR.[116]
13-Oct-17,Added,NCLH,Norwegian Cruise Line Holdings,CenturyLink acquired LVLT.[117]
13-Oct-17,Removed,LVLT,Level 3 Communications,CenturyLink acquired LVLT.[117]
18-Sep-17,Added,CDNS,Cadence Design Systems,Sycamore Partners acquired Staples.[118]
18-Sep-17,Removed,SPLS,Staples,Sycamore Partners acquired Staples.[118]
01-Sep-17,Added,DWDP,DuPont,The Dow Chemical Company renamed to DowDuPont Inc. and ticker changed from DOW to DWDP after acquiring DuPont.[119]
01-Sep-17,Removed,DOW,Dow Chemical Company,The Dow Chemical Company renamed to DowDuPont Inc. and ticker changed from DOW to DWDP after acquiring DuPont.[119]
01-Sep-17,Added,SBAC,SBA Communications,The Dow Chemical Company acquired DuPont.[119]
01-Sep-17,Removed,DD,DuPont,The Dow Chemical Company acquired DuPont.[119]
29-Aug-17,Added,Q,QuintilesIMS,Amazon acquired Whole Foods Market.[119]
29-Aug-17,Removed,WFM,Whole Foods Market,Amazon acquired Whole Foods Market.[119]
08-Aug-17,Added,BHF,Brighthouse Financial,"BHF replaced AN,[120] MET spun off BHF[120]"
08-Aug-17,Removed,AN,AutoNation,"BHF replaced AN,[120] MET spun off BHF[120]"
26-Jul-17,Added,DRE,Duke Realty Corp,Market capitalization change.[121]
26-Jul-17,Removed,RIG,Transocean,Market capitalization change.[121]
26-Jul-17,Added,AOS,A. O. Smith,Market capitalization change.[121]
26-Jul-17,Removed,BBBY,Bed Bath & Beyond,Market capitalization change.[121]
26-Jul-17,Added,PKG,Packaging Corporation of America,Market capitalization change.[121]
26-Jul-17,Removed,MUR,Murphy Oil,Market capitalization change.[121]
26-Jul-17,Added,RMD,ResMed,Market capitalization change.[121]
26-Jul-17,Removed,MNK,Mallinckrodt,Market capitalization change.[121]
26-Jul-17,Added,MGM,MGM Resorts International,British American Tobacco (NYSE MKT:BTI) acquired Reynolds American.[121]
26-Jul-17,Removed,RAI,Reynolds American,British American Tobacco (NYSE MKT:BTI) acquired Reynolds American.[121]
07-Jul-17,Added,BKR,Baker Hughes,Baker Hughes merged with GE Oil & Gas to form new company.[122]
07-Jul-17,Removed,BHI,Baker Hughes,Baker Hughes merged with GE Oil & Gas to form new company.[122]
19-Jun-17,Added,HLT,Hilton,VZ acquired YHOO operations; remainder of YHOO converted to closed-end company known as Altaba.[123]
19-Jun-17,Removed,YHOO,Yahoo!,VZ acquired YHOO operations; remainder of YHOO converted to closed-end company known as Altaba.[123]
19-Jun-17,Added,ALGN,Align Technology,Market capitalization changes.[123]
19-Jun-17,Removed,TDC,Teradata,Market capitalization changes.[123]
19-Jun-17,Added,ANSS,Ansys,Market capitalization changes.[123]
19-Jun-17,Removed,R,Ryder System,Market capitalization changes.[123]
19-Jun-17,Added,RE,Everest Re,Reckitt Benckiser acquired Mead Johnson Nutrition.[124]
19-Jun-17,Removed,MJN,Mead Johnson,Reckitt Benckiser acquired Mead Johnson Nutrition.[124]
02-Jun-17,Added,INFO,IHS Markit,TGNA spins off Cars.com[125]
02-Jun-17,Removed,TGNA,Tegna,TGNA spins off Cars.com[125]
05-Apr-17,Added,IT,Gartner,IT acquiring CEB[126]
05-Apr-17,Removed,DNB,Dun & Bradstreet,IT acquiring CEB[126]
04-Apr-17,Added,DXC,DXC Technology,"HPE spins off Everett, merged with CSC to form DXC[127][128]"
04-Apr-17,Removed,SWN,Southwestern Energy,"HPE spins off Everett, merged with CSC to form DXC[127][128]"
20-Mar-17,Added,AMD,Advanced Micro Devices,Market capitalization change.[129]
20-Mar-17,Removed,URBN,Urban Outfitters,Market capitalization change.[129]
20-Mar-17,Added,RJF,Raymond James Financial,Market capitalization change.[129]
20-Mar-17,Removed,FTR,Frontier Communications,Market capitalization change.[129]
20-Mar-17,Added,ARE,Alexandria Real Estate Equities,Market capitalization change.[129]
20-Mar-17,Removed,FSLR,First Solar,Market capitalization change.[129]
16-Mar-17,Added,SNPS,Synopsys,Samsung Electronics acquired Harman International Industries.[130]
16-Mar-17,Removed,HAR,Harman International,Samsung Electronics acquired Harman International Industries.[130]
13-Mar-17,Added,DISH,Dish Network,S&P 500 constituent Analog Devices (NASD:ADI) acquired Linear Technology.[131]
13-Mar-17,Removed,LLTC,Linear Technology,S&P 500 constituent Analog Devices (NASD:ADI) acquired Linear Technology.[131]
02-Mar-17,Added,REG,Regency Centers,REG acquires EQY[132]
02-Mar-17,Removed,ENDP,Endo International,REG acquires EQY[132]
01-Mar-17,Added,CBOE,Cboe Holdings,CBOE acquires BATS[132]
01-Mar-17,Removed,PBI,Pitney Bowes,CBOE acquires BATS[132]
28-Feb-17,Added,INCY,Incyte,SE acquired by ENB[132]
28-Feb-17,Removed,SE,Spectra Energy,SE acquired by ENB[132]
05-Jan-17,Added,IDXX,Idexx Laboratories,S&P 100 & 500 constituent Abbott Laboratories (NYSE:ABT) acquired St. Jude Medical.[133]
05-Jan-17,Removed,STJ,St Jude Medical,S&P 100 & 500 constituent Abbott Laboratories (NYSE:ABT) acquired St. Jude Medical.[133]
02-Dec-16,Added,MAA,Mid-America Apartments,Market capitalization change.[134]
02-Dec-16,Removed,OI,Owens-Illinois,Market capitalization change.[134]
02-Dec-16,Added,EVHC,Envision Healthcare,Market capitalization change.[134]
02-Dec-16,Removed,LM,Legg Mason,Market capitalization change.[134]
01-Nov-16,Added,ARNC,Arconic,AA spins off ARNC
01-Nov-16,Removed,AA,Alcoa,AA spins off ARNC
30-Sep-16,Added,COTY,Coty,COTY replaces DO[135]
30-Sep-16,Removed,DO,Diamond Offshore Drilling,COTY replaces DO[135]
22-Sep-16,Added,COO,The Cooper Companies,MAR acquires HOT[136]
22-Sep-16,Removed,HOT,Starwood,MAR acquires HOT[136]
08-Sep-16,Added,CHTR,Charter Communications,Dell acquires EMC[137]
08-Sep-16,Removed,EMC,EMC Corporation,Dell acquires EMC[137]
06-Sep-16,Added,MTD,Mettler Toledo,TYC acquires JCI (and retains JCI ticker).[138]
06-Sep-16,Removed,TYC,Tyco International,TYC acquires JCI (and retains JCI ticker).[138]
05-Jul-16,Added,FTV,Fortive Corp,CPGX acquired by TRP[139]
05-Jul-16,Removed,CPGX,Columbia Pipeline Group,CPGX acquired by TRP[139]
01-Jul-16,Added,ALB,Albemarle Corporation,TE acquired by EMA[139]
01-Jul-16,Removed,TE,TECO Energy,TE acquired by EMA[139]
01-Jul-16,Added,LNT,Alliant Energy Corp,GAS acquired by SO[140]
01-Jul-16,Removed,GAS,AGL Resources,GAS acquired by SO[140]
22-Jun-16,Added,FBHS,Fortune Brands Home & Security,CVC acquired by Altice NV[141]
22-Jun-16,Removed,CVC,Cablevision Systems,CVC acquired by Altice NV[141]
03-Jun-16,Added,TDG,TransDigm Group,SHPG acquiring BXLT[142]
03-Jun-16,Removed,BXLT,Baxalta,SHPG acquiring BXLT[142]
31-May-16,Added,AJG,Arthur J. Gallagher & Co.,CCE merging with European bottlers[143]
31-May-16,Removed,CCE,Coca-Cola Enterprises,CCE merging with European bottlers[143]
23-May-16,Added,LKQ,LKQ Corporation,ARG acquired by Air Liquide[144]
23-May-16,Removed,ARG,Airgas,ARG acquired by Air Liquide[144]
18-May-16,Added,DLR,Digital Realty,TWC acquired by CHTR[145]
18-May-16,Removed,TWC,Time Warner Cable,TWC acquired by CHTR[145]
13-May-16,Added,ALK,Alaska Air Group,SNDK acquired by WDC[146]
13-May-16,Removed,SNDK,SanDisk,SNDK acquired by WDC[146]
03-May-16,Added,AYI,Acuity Brands,ADT acquired by APO[147]
03-May-16,Removed,ADT,ADT,ADT acquired by APO[147]
25-Apr-16,Added,GPN,Global Payments,Global Payments is acquiring Heartland Payment Systems[148]
25-Apr-16,Removed,GME,GameStop,Global Payments is acquiring Heartland Payment Systems[148]
18-Apr-16,Added,ULTA,Ulta Beauty,Ulta replaces Tenet[149]
18-Apr-16,Removed,THC,Tenet Healthcare,Ulta replaces Tenet[149]
08-Apr-16,Added,UA,Under Armour (Class C),Under Armour distribution of second class of stock
04-Apr-16,Added,FL,Foot Locker,Schlumberger acquired Cameron[150]
04-Apr-16,Removed,CAM,Cameron International,Schlumberger acquired Cameron[150]
30-Mar-16,Added,HOLX,Hologic,Exelon acquired Pepco.[151]
30-Mar-16,Removed,POM,Pepco Holdings,Exelon acquired Pepco.[151]
30-Mar-16,Added,CNC,Centene Corporation,Centene acquired Health Net.[151]
30-Mar-16,Removed,ESV,Ensco,Centene acquired Health Net.[151]
07-Mar-16,Added,UDR,UDR,JAB Holding Company acquired Keurig Green Mountain[152]
07-Mar-16,Removed,GMCR,Keurig Green Mountain,JAB Holding Company acquired Keurig Green Mountain[152]
04-Mar-16,Added,AWK,American Water Works,AWK replaces CNX[153]
04-Mar-16,Removed,CNX,Consol Energy,AWK replaces CNX[153]
22-Feb-16,Added,CXO,Concho Resources,PCL taken over by WY[154]
22-Feb-16,Removed,PCL,Plum Creek Timber,PCL taken over by WY[154]
01-Feb-16,Added,CFG,Citizens,CFG replaces PCP[155]
01-Feb-16,Removed,PCP,Precision Castparts Corporation,CFG replaces PCP[155]
01-Feb-16,Added,FRT,Federal Realty Investment Trust,FRT replaces BRCM[156]
01-Feb-16,Removed,BRCM,Broadcom Corporation,FRT replaces BRCM[156]
19-Jan-16,Added,EXR,Extra Space Storage,"EXR replaces ACE as ACE Ltd acquires Chubb and retains the CB ticker, giving up ACE[157]"
19-Jan-16,Removed,ACE,Chubb,"EXR replaces ACE as ACE Ltd acquires Chubb and retains the CB ticker, giving up ACE[157]"
05-Jan-16,Added,WLTW,Willis Towers Watson,WSH merges with TW (and renames to WLTW)[158]
05-Jan-16,Removed,FOSL,Fossil Group,WSH merges with TW (and renames to WLTW)[158]
29-Dec-15,Added,CHD,Church & Dwight,ALTR taken over by INTC[159]
29-Dec-15,Removed,ALTR,Altera,ALTR taken over by INTC[159]
15-Dec-15,Removed,CMCSK,Comcast K Corp,CMCSK shares no longer listed[160]
01-Dec-15,Added,CSRA,CSRA,CSC spins off CSRA[161]
01-Dec-15,Removed,CSC,Computer Sciences Corporation,CSC spins off CSRA[161]
19-Nov-15,Added,ILMN,Illumina,Sigma-Aldrich acquired by Merck KGaA (MKGAY)[162]
19-Nov-15,Removed,SIAL,Sigma-Aldrich,Sigma-Aldrich acquired by Merck KGaA (MKGAY)[162]
18-Nov-15,Added,SYF,Synchrony Financial,GE spinning off Synchrony Financial[163]
18-Nov-15,Removed,GNW,Genworth Financial,GE spinning off Synchrony Financial[163]
02-Nov-15,Added,HPE,Hewlett Packard Enterprise,HPQ spins off HPE[164]
02-Nov-15,Removed,HCBK,Hudson City Bancorp,HPQ spins off HPE[164]
07-Oct-15,Added,VRSK,Verisk Analytics,Market capitalization change.[165]
07-Oct-15,Removed,JOY,Joy Global,Market capitalization change.[165]
18-Sep-15,Added,CMCSK,Comcast Class K Special,Share class methodology change[2]
18-Sep-15,Added,FOX,Twenty-First Century Fox Class B,Share class methodology change
18-Sep-15,Added,NWS,News Corporation Class B,Share class methodology change
02-Sep-15,Added,UAL,United Continental Holdings,Hospira taken over[166]
02-Sep-15,Removed,HSP,Hospira,Hospira taken over[166]
28-Aug-15,Added,ATVI,Activision Blizzard,Pall taken over[166]
28-Aug-15,Removed,PLL,Pall Corporation,Pall taken over[166]
29-Jul-15,Added,SIG,Signet Jewelers,DirecTV acquired by AT&T.[167]
29-Jul-15,Removed,DTV,DirecTV,DirecTV acquired by AT&T.[167]
20-Jul-15,Added,PYPL,PayPal,PayPal Spun off by eBay[168]
20-Jul-15,Removed,NE,Noble Corporation,PayPal Spun off by eBay[168]
08-Jul-15,Added,AAP,Advance Auto Parts,Family Dollar acquired.[169]
08-Jul-15,Removed,FDO,Family Dollar,Family Dollar acquired.[169]
06-Jul-15,Added,KHC,Kraft Heinz,Kraft merger with Heinz.[170]
06-Jul-15,Removed,KRFT,Kraft Foods,Kraft merger with Heinz.[170]
02-Jul-15,Added,CPGX,Columbia Pipeline Group,Spin off of Columbia Pipeline.[171]
02-Jul-15,Removed,ATI,Allegheny Technologies,Spin off of Columbia Pipeline.[171]
01-Jul-15,Added,BXLT,Baxalta,Baxalta spun off by Baxter.[173]
01-Jul-15,Removed,QEP,QEP Resources,Baxalta spun off by Baxter.[173]
01-Jul-15,Added,JBHT,J.B. Hunt,Integrys taken over.[172]
01-Jul-15,Removed,TEG,Integrys Energy Group,Integrys taken over.[172]
11-Jun-15,Added,QRVO,Qorvo,Lorillard gets acquired.[174]
11-Jun-15,Removed,LO,Lorillard Tobacco Company,Lorillard gets acquired.[174]
07-Apr-15,Added,O,Realty Income Corporation,Market capitalization change.[175]
07-Apr-15,Removed,WIN,Windstream Communications,Market capitalization change.[175]
23-Mar-15,Added,AAL,American Airlines Group,Allergan acquired by Actavis (and changed name to Allergan).[176]
23-Mar-15,Removed,AGN,Allergan,Allergan acquired by Actavis (and changed name to Allergan).[176]
23-Mar-15,Added,EQIX,Equinix,Market Capitalization Changes.[177]
23-Mar-15,Removed,DNR,Denbury Resources,Market Capitalization Changes.[177]
23-Mar-15,Added,SLG,SL Green Realty,Market Capitalization Changes.
23-Mar-15,Removed,NBR,Nabors Industries,Market Capitalization Changes.
23-Mar-15,Added,HBI,Hanesbrands,Market Capitalization Changes.
23-Mar-15,Removed,AVP,Avon Products,Market Capitalization Changes.
18-Mar-15,Added,HSIC,Henry Schein,Carefusion acquired by Becton Dickinson[177]
18-Mar-15,Removed,CFN,Carefusion,Carefusion acquired by Becton Dickinson[177]
12-Mar-15,Added,SWKS,Skyworks,PetSmart acquired by private equity consortium[178]
12-Mar-15,Removed,PETM,PetSmart,PetSmart acquired by private equity consortium[178]
27-Jan-15,Added,ENDP,Endo International,Covidien acquired by Medtronic[180]
27-Jan-15,Removed,COV,Covidien,Covidien acquired by Medtronic[180]
27-Jan-15,Added,HCA,HCA Holdings,Safeway acquired by private equity consortium[179]
27-Jan-15,Removed,SWY,Safeway,Safeway acquired by private equity consortium[179]
05-Dec-14,Added,RCL,Royal Caribbean Cruises,Market cap changes[181]
05-Dec-14,Removed,BMS,Bemis Company,Market cap changes[181]
05-Nov-14,Added,LVLT,Level 3 Communications,Market cap changes[182]
05-Nov-14,Removed,JBL,Jabil Circuit,Market cap changes[182]
20-Sep-14,Added,URI,United Rentals,Market cap changes[183]
20-Sep-14,Removed,BTU,Peabody Energy,Market cap changes[183]
20-Sep-14,Added,UHS,Universal Health Services,Market cap changes
20-Sep-14,Removed,GHC,Graham Holdings,Market cap changes
18-Aug-14,Added,MNK,Mallinckrodt,Market cap changes[184]
18-Aug-14,Removed,RDC,Rowan Companies,Market cap changes[184]
06-Aug-14,Added,DISCK,Discovery Communications,Class C share distribution[185]
02-Jul-14,Added,MLM,Martin Marietta,Market capitalization changes[186]
02-Jul-14,Removed,X,United States Steel,Market capitalization changes[186]
01-Jul-14,Added,AMG,Affiliated Managers Group,Actavis acquires Forest Laboratories[187]
01-Jul-14,Removed,FRX,Forest Laboratories,Actavis acquires Forest Laboratories[187]
20-Jun-14,Added,XEC,Cimarex Energy,Market capitalization changes[188]
20-Jun-14,Removed,IGT,International Game Technology,Market capitalization changes[188]
08-May-14,Added,AVGO,Avago Technologies,Avago acquires LSI[189]
08-May-14,Removed,LSI,LSI Corporation,Avago acquires LSI[189]
01-May-14,Added,NAVI,Navient,Navient Spun off from SLM[190]
01-May-14,Removed,SLM,SLM Corporation,Navient Spun off from SLM[190]
01-May-14,Added,UA,Under Armour,Beam acquired by Suntory[190]
01-May-14,Removed,BEAM,Suntory Global Spirits,Beam acquired by Suntory[190]
03-Apr-14,Added,GOOGL,Google,Google Class C share distribution[191]
02-Apr-14,Added,ESS,Essex Property Trust,Market capitalization changes[192]
02-Apr-14,Removed,CLF,Cliffs Natural Resources,Market capitalization changes[192]
21-Mar-14,Added,GMCR,Keurig Green Mountain,Market capitalization changes[193]
21-Mar-14,Removed,WPX,WPX Energy,Market capitalization changes[193]
24-Jan-14,Added,TSCO,Tractor Supply,Life Technologies acquired by Thermo Fisher Scientific Inc[194]
24-Jan-14,Removed,LIFE,Life Technologies,Life Technologies acquired by Thermo Fisher Scientific Inc[194]
23-Dec-13,Added,ADS,Alliance Data Systems,Market capitalization changes.[195]
23-Dec-13,Removed,ANF,Abercrombie & Fitch,Market capitalization changes.[195]
23-Dec-13,Added,MHK,Mohawk Industries,Market capitalization changes.[195]
23-Dec-13,Removed,JDSU,JDS Uniphase,Market capitalization changes.[195]
23-Dec-13,Added,FB,Facebook,Market capitalization changes.[195]
23-Dec-13,Removed,TER,Teradyne,Market capitalization changes.[195]
10-Dec-13,Added,GGP,General Growth Properties,MOLX acquired by Koch Industries.[196]
10-Dec-13,Removed,MOLX,Molex,MOLX acquired by Koch Industries.[196]
02-Dec-13,Added,ALLE,Allegion,Allegion spun off by Ingersoll Rand.[197]
02-Dec-13,Removed,JCP,JCPenney,Allegion spun off by Ingersoll Rand.[197]
13-Nov-13,Added,KORS,Michael Kors,ICE Exchange acquired NYSE Euronext.[198]
13-Nov-13,Removed,NYX,NYSE Euronext,ICE Exchange acquired NYSE Euronext.[198]
29-Oct-13,Added,RIG,Transocean,Founder Michael Dell and Silver Lake Partners acquired Dell.[199]
29-Oct-13,Removed,DELL,Dell,Founder Michael Dell and Silver Lake Partners acquired Dell.[199]
20-Sep-13,Added,AME,Ametek,Market capitalization change.[200]
20-Sep-13,Removed,SAI,SAIC,Market capitalization change.[200]
20-Sep-13,Added,VRTX,Vertex Pharmaceuticals,Market capitalization change.[200]
20-Sep-13,Removed,AMD,Advanced Micro Devices,Market capitalization change.[200]
10-Sep-13,Added,DAL,Delta Air Lines,BMC taken private by consortium[201]
10-Sep-13,Removed,BMC,BMC Software,BMC taken private by consortium[201]
08-Jul-13,Added,NLSN,Nielsen Holdings,Softbank consortium purchase results in public float below 50%[202]
08-Jul-13,Removed,S,Sprint Nextel,Softbank consortium purchase results in public float below 50%[202]
01-Jul-13,Added,NWSA,21st Century Fox,Apollo Group's market cap more representative of a mid-cap[203]
01-Jul-13,Removed,APOL,Apollo Education Group,Apollo Group's market cap more representative of a mid-cap[203]
21-Jun-13,Added,ZTS,Zoetis,Zoetis spun off by Pfizer[204]
21-Jun-13,Removed,FHN,First Horizon,Zoetis spun off by Pfizer[204]
06-Jun-13,Added,GM,General Motors,HNZ acquired by consortium[205]
06-Jun-13,Removed,HNZ,Heinz,HNZ acquired by consortium[205]
23-May-13,Added,KSU,Kansas City Southern,DF too small after spinoff of White Wave Foods[206]
23-May-13,Removed,DF,Dean Foods,DF too small after spinoff of White Wave Foods[206]
08-May-13,Added,MAC,Macerich,Acquired by Aetna (AET)[207]
08-May-13,Removed,CVH,Coventry Health Care,Acquired by Aetna (AET)[207]
30-Apr-13,Added,REGN,Regeneron Pharmaceuticals,A majority of MetroPCS was acquired by T-Mobile[208]
30-Apr-13,Removed,PCS,MetroPCS,A majority of MetroPCS was acquired by T-Mobile[208]
15-Feb-13,Added,PVH,PVH,Market capitalization changes[209]
15-Feb-13,Removed,BIG,Big Lots,Market capitalization changes[209]
02-Jan-13,Added,ABBV,AbbVie,ABBV spun off from Abbott Labs (ABT)[210]
02-Jan-13,Removed,FII,Federated Investors,ABBV spun off from Abbott Labs (ABT)[210]
21-Dec-12,Added,DLPH,Delphi Automotive,TIE acquired by Precision Cast Parts (PCP)[211]
21-Dec-12,Removed,TIE,Titanium Metals,TIE acquired by Precision Cast Parts (PCP)[211]
11-Dec-12,Added,GRMN,Garmin,Market capitalization changes[212]
11-Dec-12,Removed,RRD,RR Donnelley,Market capitalization changes[212]
03-Dec-12,Added,DG,Dollar General,Acquired by Eaton Corp. (ETN)[213]
03-Dec-12,Removed,CBE,Cooper Industries,Acquired by Eaton Corp. (ETN)[213]
10-Oct-12,Added,PETM,PetSmart,Acquired by Energy Transfer Partners (ETP)[214]
10-Oct-12,Removed,SUN,Sunoco,Acquired by Energy Transfer Partners (ETP)[214]
02-Oct-12,Added,KRFT,Kraft Foods,Kraft split into two companies[215]
02-Oct-12,Removed,ANR,Alpha Natural Resources,Kraft split into two companies[215]
02-Oct-12,Added,MDLZ,Mondelez,Old Kraft Foods renamed Mondelez[216]
02-Oct-12,Removed,KFT,Kraft Foods,Old Kraft Foods renamed Mondelez[216]
01-Oct-12,Added,ADT,ADT,Tyco spun off ADT
01-Oct-12,Removed,LXK,Lexmark,Tyco spun off ADT
01-Oct-12,Added,PNR,Pentair,Tyco spin-off merged w/Pentair
01-Oct-12,Removed,DV,DeVry,Tyco spin-off merged w/Pentair
05-Sep-12,Added,LYB,LyondellBasell,SHLD below public float threshold
05-Sep-12,Removed,SHLD,Sears Holdings,SHLD below public float threshold
31-Jul-12,Added,ESV,Ensco,Goodrich acquired by United Technologies (UTX).[217]
31-Jul-12,Removed,GR,Goodrich Corporation,Goodrich acquired by United Technologies (UTX).[217]
02-Jul-12,Added,STX,Seagate Technology,Acquired by Duke Energy (DUK)[218]
02-Jul-12,Removed,PGN,Progress Energy,Acquired by Duke Energy (DUK)[218]
29-Jun-12,Added,MNST,Monster Beverage,Split up of Sara Lee[219]
29-Jun-12,Removed,SLE,Sara Lee Corporation,Split up of Sara Lee[219]
05-Jun-12,Added,LRCX,Lam Research,Acquired by Lam Research (LRCX)[220]
05-Jun-12,Removed,NVLS,Novellus Systems,Acquired by Lam Research (LRCX)[220]
21-May-12,Added,ALXN,Alexion Pharmaceuticals,Acquired by Google (GOOG)[221]
21-May-12,Removed,MMI,Motorola Mobility,Acquired by Google (GOOG)[221]
17-May-12,Added,KMI,Kinder Morgan,Acquired by Kinder Morgan (KMI)[222]
17-May-12,Removed,EP,El Paso Corporation,Acquired by Kinder Morgan (KMI)[222]
23-Apr-12,Added,PSX,Phillips 66,ConocoPhillips spun off Phillips 66[223]
23-Apr-12,Removed,SVU,Supervalu,ConocoPhillips spun off Phillips 66[223]
03-Apr-12,Added,FOSL,Fossil,Acquired by Express Scripts (ESRX)[224]
03-Apr-12,Removed,MHS,Medco Health Solutions,Acquired by Express Scripts (ESRX)[224]
13-Mar-12,Added,CCI,Crown Castle,Acquired by Exelon Corp. (EXC)[225]
13-Mar-12,Removed,CEG,Constellation Energy Group,Acquired by Exelon Corp. (EXC)[225]
31-Dec-11,Added,WPX,WPX Energy,Market capitalization changes[226]
31-Dec-11,Removed,CPWR,Compuware,Market capitalization changes[226]
20-Dec-11,Added,TRIP,TripAdvisor,Expedia spun off TripAdvisor.[227]
20-Dec-11,Removed,TLAB,Tellabs,Expedia spun off TripAdvisor.[227]
16-Dec-11,Added,BWA,BorgWarner,Market capitalization changes[228]
16-Dec-11,Removed,AKS,AK Steel,Market capitalization changes[228]
16-Dec-11,Added,PRGO,Perrigo,Market capitalization changes
16-Dec-11,Removed,MWW,Monster Worldwide,Market capitalization changes
16-Dec-11,Added,DLTR,Dollar Tree,Market capitalization changes
16-Dec-11,Removed,WFR,MEMC Electronic Materials,Market capitalization changes
12-Dec-11,Added,GAS,AGL Resources.,"Nicor acquired by AGL, which retained the GAS ticker.[229]"
12-Dec-11,Removed,GAS,Nicor Gas,"Nicor acquired by AGL, which retained the GAS ticker.[229]"
18-Nov-11,Added,CBE,Cooper Industries,Janus Capital Group's market capitalization is less than $1.2 billion  and is no longer representative of the large cap market space.[230]
18-Nov-11,Removed,JNS,Janus Capital Group,Janus Capital Group's market capitalization is less than $1.2 billion  and is no longer representative of the large cap market space.[230]
31-Oct-11,Added,XYL,Xylem,Spun off from ITT Corp.[231]
31-Oct-11,Removed,ITT,ITT,Spun off from ITT Corp.[231]
14-Oct-11,Added,TEL,TE Connectivity,Acquired by Teva Pharmaceutical Industries (TEVA).[232]
14-Oct-11,Removed,CEPH,Cephalon,Acquired by Teva Pharmaceutical Industries (TEVA).[232]
23-Sep-11,Added,MOS,The Mosaic Company,Acquired by Texas Instruments (TXN).[233]
23-Sep-11,Removed,NSM,National Semiconductor,Acquired by Texas Instruments (TXN).[233]
05-Jul-11,Added,ACN,Accenture,Marshall & Iisley is being bought by Bank of Montreal[234]
05-Jul-11,Removed,MI,Marshall & Ilsley,Marshall & Iisley is being bought by Bank of Montreal[234]
30-Jun-11,Added,MPC,Marathon Oil,Market capitalization adjustments.[235]
30-Jun-11,Removed,RSH,RadioShack,Market capitalization adjustments.[235]
01-Jun-11,Added,ANR,Alpha Natural Resources,Alpha Natural Resources acquired Massey Energy.[236]
01-Jun-11,Removed,MEE,Massey Energy,Alpha Natural Resources acquired Massey Energy.[236]
27-Apr-11,Added,CMG,Chipotle Mexican Grill,Acquired by private equity firms.[237]
27-Apr-11,Removed,NOVL,Novell,Acquired by private equity firms.[237]
01-Apr-11,Added,BLK,BlackRock,Acquired by Sanofi Aventis (SNY)[238]
01-Apr-11,Removed,GENZ,Genzyme,Acquired by Sanofi Aventis (SNY)[238]
31-Mar-11,Added,EW,Edwards Lifesciences,Acquired by CenturyLink[239]
31-Mar-11,Removed,Q,Qwest Communications,Acquired by CenturyLink[239]
28-Feb-11,Added,COV,Covidien,Acquired by Intel[240]
28-Feb-11,Removed,MFE,McAfee,Acquired by Intel[240]
25-Feb-11,Added,JOYG,Joy Global,Acquired by First Energy (FE).[241]
25-Feb-11,Removed,AYE,Allegheny Energy,Acquired by First Energy (FE).[241]
03-Jan-11,Added,MMI,Motorola Mobility,S&P constituent Motorola spun off Motorola Mobility.[242]
03-Jan-11,Removed,MDP,Meredith Corp,S&P constituent Motorola spun off Motorola Mobility.[242]
17-Dec-10,Added,NFLX,Netflix,Market Cap changes.
17-Dec-10,Removed,ODP,Office Depot,Market Cap changes.
17-Dec-10,Added,NFX,Newfield Exploration,Market Cap changes.
17-Dec-10,Removed,NYT,The New York Times Company,Market Cap changes.
17-Dec-10,Added,FFIV,F5 Networks,Market Cap changes.[243]
17-Dec-10,Removed,EK,Eastman Kodak,Market Cap changes.[243]
17-Dec-10,Added,CVC,Cablevision,Acquired by Pfizer.[243]
17-Dec-10,Removed,KG,King Pharmaceuticals,Acquired by Pfizer.[243]
17-Nov-10,Added,IR,Ingersoll-Rand,Reynolds Group Holdings acquired Pactiv.[244]
17-Nov-10,Removed,PTV,Pactiv,Reynolds Group Holdings acquired Pactiv.[244]
26-Aug-10,Added,TYC,Tyco International,Acquired by Schlumberger (SLB)[245]
26-Aug-10,Removed,SII,Smith International,Acquired by Schlumberger (SLB)[245]
14-Jul-10,Added,CB,Chubb,Acquired by Merck KGaA (MKGAY)[246]
14-Jul-10,Removed,MIL,Millipore,Acquired by Merck KGaA (MKGAY)[246]
30-Jun-10,Added,QEP,QEP Resources,"Company split. QEP retained, but ticker changed.[247]"
30-Jun-10,Removed,STR,Questar,"Company split. QEP retained, but ticker changed.[247]"
28-Jun-10,Added,KMX,CarMax,Acquired by ExxonMobil[248]
28-Jun-10,Removed,XTO,XTO Energy,Acquired by ExxonMobil[248]
29-Apr-10,Added,CERN,Cerner,Acquired by Baker Hughes[249]
29-Apr-10,Removed,BJS,BJ Services,Acquired by Baker Hughes[249]
26-Feb-10,Added,HP,Helmerich & Payne,Taken private
26-Feb-10,Removed,RX,IMS Health,Taken private
18-Dec-09,Added,ROST,Ross Stores,Market capitalization change.[citation needed]
18-Dec-09,Removed,MBI,MBIA,Market capitalization change.[citation needed]
18-Dec-09,Added,CLF,Cliffs Natural Resources,Market capitalization change.[citation needed]
18-Dec-09,Removed,KBH,KB Home,Market capitalization change.[citation needed]
18-Dec-09,Added,SAI,SAIC,Market capitalization change.[citation needed]
18-Dec-09,Removed,CVG,Convergys,Market capitalization change.[citation needed]
18-Dec-09,Added,MJN,Mead Johnson Nutrition,Market capitalization change.[citation needed]
18-Dec-09,Removed,DYN,Dynegy,Market capitalization change.[citation needed]
18-Dec-09,Added,V,Visa,Market capitalization change.[citation needed]
18-Dec-09,Removed,CIEN,Ciena,Market capitalization change.[citation needed]
03-Nov-09,Added,PCLN,Priceline.com,Acquired by Merck & Co. (MRK)[250]
03-Nov-09,Removed,SGP,Schering-Plough,Acquired by Merck & Co. (MRK)[250]
28-Sep-09,Added,ARG,Airgas,Redomesticated to Ireland[251]
28-Sep-09,Removed,CBE,Cooper Industries,Redomesticated to Ireland[251]
19-Aug-09,Added,FMC,FMC Corporation,Centex acquired by Pulte Homes.[252]
19-Aug-09,Removed,CTX,Centex Corp.,Centex acquired by Pulte Homes.[252]
29-Jun-09,Added,PCS,MetroPCS,PCS replaced TEL.[253]
25-Jun-09,Removed,TEL,TE Connectivity,"Tyco Electronics left the index because it was reincorporating in Switzerland, making it ineligible for inclusion.[253]"
05-Jun-09,Added,FTI,FMC Technologies,"Covidien moved its place of incorporation to Ireland, making it ineligible for inclusion in the index.[254]"
05-Jun-09,Removed,COV,Covidien,"Covidien moved its place of incorporation to Ireland, making it ineligible for inclusion in the index.[254]"
03-Mar-09,Added,HRL,Hormel Foods,Capitalization rebalance.[255]
03-Mar-09,Removed,ACAS,American Capital,Capitalization rebalance.[255]
03-Mar-09,Added,VTR,Ventas,Capitalization rebalance.
03-Mar-09,Removed,JNY,Jones Apparel Group,Capitalization rebalance.
31-Dec-08,Added,OI,Owens-Illinois,Wachovia Bank acquired by Wells Fargo.[256]
31-Dec-08,Removed,WB,Wachovia Bank,Wachovia Bank acquired by Wells Fargo.[256]
16-Sep-08,Added,HRS,Harris Corporation,Lehman Brothers filed for bankruptcy.[257]
16-Sep-08,Removed,LEH,Lehman Brothers,Lehman Brothers filed for bankruptcy.[257]
12-Sep-08,Added,FAST,Fastenal,Capitalization rebalance.[258]
12-Sep-08,Removed,FNM,Fannie Mae,Capitalization rebalance.[258]
12-Sep-08,Added,CRM,Salesforce,Capitalization rebalance.[258]
12-Sep-08,Removed,FRE,Freddie Mac,Capitalization rebalance.[258]
01-Jul-08,Added,AKS,AK Steel,Ak Steel replaced Countrywide Financial.[259]
01-Jul-08,Removed,CFC,Countrywide Financial Corp,Ak Steel replaced Countrywide Financial.[259]
23-Jun-08,Added,COG,Cabot Oil & Gas,Market capitalization change.[260]
23-Jun-08,Removed,BC,Brunswick,Market capitalization change.[260]
23-Jun-08,Added,MEE,Massey Energy,Market capitalization change.[260]
23-Jun-08,Removed,OMX,OfficeMax,Market capitalization change.[260]
10-Jun-08,Added,LO,Lorillard Tobacco Company,Market Value Decline[261]
10-Jun-08,Removed,ABK,Ambac Financial,Market Value Decline[261]
20-Dec-07,Added,RRC,Range Resources,Taken private[262]
20-Dec-07,Removed,TRB,Tribune Media,Taken private[262]
13-Dec-07,Added,GME,GameStop,Acquired by News Corporation
13-Dec-07,Removed,DJ,Dow Jones,Acquired by News Corporation
26-Oct-07,Added,JEC,Jacobs Engineering Group,Taken private[263]
26-Oct-07,Removed,AV,Avaya,Taken private[263]
02-Oct-07,Added,EXPE,Expedia,Solectron acquired by Flextronics.[264]
02-Oct-07,Removed,SLR,Solectron,Solectron acquired by Flextronics.[264]
01-Oct-07,Added,TDC,Teradata,Teradata spun off by NCR Corporation.[264]
01-Oct-07,Removed,NCR,NCR Corporation,Teradata spun off by NCR Corporation.[264]
27-Sep-07,Added,TSO,Tesoro Corporation,MXIM delisted from NASDAQ exchange.[264]
27-Sep-07,Removed,MXIM,Maxim Integrated Products,MXIM delisted from NASDAQ exchange.[264]
26-Sep-07,Added,ICE,Intercontinental Exchange,FDC acquired by KKR.[264]
26-Sep-07,Removed,FDC,First Data,FDC acquired by KKR.[264]
24-Aug-07,Added,LUK,Leucadia National,Acquired by National Grid plc[265]
24-Aug-07,Removed,KSE,KeySpan,Acquired by National Grid plc[265]
02-Jul-07,Added,DFS,Discover Financial,Discover Financial Services debuts on New York Stock Exchange.[266]
02-Jul-07,Removed,ADCT,ADC Telecommunications,Discover Financial Services debuts on New York Stock Exchange.[266]
30-Mar-07,Added,KFT,Kraft Foods,Taken Private[267]
30-Mar-07,Removed,TSG,Sabre Corporation,Taken Private[267]
10-Jan-07,Added,AVB,AvalonBay Communities,Acquired by Motorola[268]
10-Jan-07,Removed,SBL,Symbol Technologies,Acquired by Motorola[268]
02-Jun-06,Added,JNPR,Juniper Networks,Albertsons acquired by SuperValu and CVS Corp.[269]
02-Jun-06,Removed,ABS,Albertsons,Albertsons acquired by SuperValu and CVS Corp.[269]
18-Nov-05,Added,AMZN,Amazon,AT&T Corp. acquired by SBC Communications[270]
18-Nov-05,Removed,T,AT&T Corporation,AT&T Corp. acquired by SBC Communications[270]
01-Jul-05,Added,STZ,Constellation Brands,Acquired by Crompton Corp.
01-Jul-05,Removed,GLK,Great Lakes Chemical,Acquired by Crompton Corp.
25-Sep-03,Added,ESRX,Express Scripts,Taken private
25-Sep-03,Removed,QTRN,Quintiles Transnational,Taken private
05-Dec-00,Added,INTU,Intuit,Market Cap changes.[271]
05-Dec-00,Removed,BS,Bethlehem Steel,Market Cap changes.[271]
05-Dec-00,Added,SBL,Symbol Technologies,Market Cap changes.
05-Dec-00,Removed,OI,Owens-Illinois,Market Cap changes.
05-Dec-00,Added,AYE,Allegheny Energy,Market Cap changes.
05-Dec-00,Removed,GRA,WR Grace,Market Cap changes.
05-Dec-00,Added,ABK,Ambac Financial,Market Cap changes.
05-Dec-00,Removed,CCK,Crown Holdings,Market Cap changes.
27-Jul-00,Added,JDSU,JDS Uniphase,Market Cap change.[272]
27-Jul-00,Removed,RAD,Rite Aid,Market Cap change.[272]
12-Jun-00,Added,CVG,Convergys,Tribune Co. acquired Times Mirror.[273]
12-Jun-00,Removed,TMC,Times Mirror,Tribune Co. acquired Times Mirror.[273]
07-Jun-00,Added,SBUX,Starbucks,Siemens AG acquired Shared Medical Systems.[273]
07-Jun-00,Removed,SMS,Shared Medical Systems,Siemens AG acquired Shared Medical Systems.[273]
08-Dec-99,Added,YHOO,Yahoo!,Market capitalization change.[274]
08-Dec-99,Removed,LDW,Laidlaw,Market capitalization change.[274]
09-Jun-99,Added,WLP,Wellpoint,Harnischfeger filed for bankruptcy.[275]
09-Jun-99,Removed,HPH,Harnischfeger Industries,Harnischfeger filed for bankruptcy.[275]
12-Apr-99,Added,ACT,Actavis,Actavis plc (NYSE:ACT) added to S&P 500
11-Dec-98,Added,FSR,Firstar,BP purchased Amoco.[276]
11-Dec-98,Removed,AN,Amoco,BP purchased Amoco.[276]
11-Dec-98,Added,CCL,Carnival Corporation,Berkshire Hathaway purchased General Re.[276]
11-Dec-98,Removed,GRN,General Re,Berkshire Hathaway purchased General Re.[276]
11-Dec-98,Added,CPWR,Compuware,AIG purchased SunAmerica.[276]
11-Dec-98,Removed,SUN,SunAmerica,AIG purchased SunAmerica.[276]
17-Jun-97,Added,CCR,Countrywide Credit Industries,AIG acquired USLife.[277]
17-Jun-97,Removed,USL,USLife,AIG acquired USLife.[277]
30-Sep-94,Added,NCC,National City,McKesson sold PCS Health Services to Eli Lilly.[278]
30-Sep-94,Removed,MCK,McKesson,McKesson sold PCS Health Services to Eli Lilly.[278]
01-Jul-76,Added,BUD,Anheuser Busch,"Major restructuring of S&P 500 to have fewer industrials and utilities, and more financial companies to add ""new strength and breadth""[279]"
01-Jul-76,Removed,HNG,Houston Natural Gas,"Major restructuring of S&P 500 to have fewer industrials and utilities, and more financial companies to add ""new strength and breadth""[279]"
01-Jul-76,Added,DIS,The Walt Disney Company,"Major restructuring of S&P 500 to have fewer industrials and utilities, and more financial companies to add ""new strength and breadth""[279]"
01-Jul-76,Removed,AYE,Allegheny Energy,"Major restructuring of S&P 500 to have fewer industrials and utilities, and more financial companies to add ""new strength and breadth""[279]"
